scenario_id,arrival_rate_mean,res_Pharmacist_amount,res_Pharmacist_cost,res_Technician_amount,res_Technician_cost,res_Pharmacy_Information_System_amount,res_Pharmacy_Information_System_cost,el_sid-532DCBA6-2EA6-435D-AA1E-8B5115299C25_duration,el_sid-582150C6-EBEA-4A55-8E1D-7F0CA0B8CA54_duration,el_sid-2A37B8CB-663C-4265-839A-282F772E84CD_duration,el_sid-E0879ACC-9536-498C-BA79-DA8902BE9B34_duration,el_sid-4AE2ED27-9C67-481A-9168-772F2443AC40_duration,el_sid-C12EBC64-C7FC-447C-B752-63144C613AE3_duration,el_sid-5C5825C2-B65C-45BE-A3ED-994F57BB36F6_duration,el_sid-6476CFCF-4619-47E1-AAB6-E759EBBCFA19_duration,el_sid-4C7E683B-8A7A-4FC5-9BFE-7E06CB00DD9A_duration,el_sid-B3B7EE72-DC71-4E7F-8294-7D1D0931D128_duration,el_sid-A8BB4918-B634-4771-B746-709A2319BB3A_duration,el_sid-8B110648-DDB2-4073-B0E5-58F8A11C3BC1_duration,el_sid-780ADF48-2A4E-474C-949B-400E8E093FAB_duration,kpi_total_cost,kpi_std_total_cost,kpi_cycle_time,kpi_std_cycle_time,kpi_waiting_time,kpi_std_waiting_time,n_reps_used,converged,converged_wait,converged_cost,converged_duration
14,17290.1,9,84.41,3,66.19,1,15.52,120.05,20.72,16.02,64.02,527.53,296.97,264.09,52.96,30.82,22.72,77.1,1673.0,133.79,25399.337292455595,363.6992482871073,18953.27215355816,227.86912347133023,57923.990074915906,307.9737824622055,5,True,True,True,True
10,19146.63,4,96.29,2,21.4,2,6.85,110.82,19.4,24.1,133.23,482.73,512.86,211.35,58.97,69.11,21.92,146.2,3877.91,100.34,18468.537530117854,193.9316282549924,22406.289958685586,296.73470276932346,60504.82574972033,958.8973860656034,5,True,True,True,True
21,16549.6,6,85.08,5,17.61,1,24.6,77.35,36.19,18.2,217.36,745.43,526.35,259.66,23.64,33.45,17.78,24.03,5010.1,100.4,19951.294997739828,219.56846033563642,21723.485564210132,270.0443661481723,58277.18141690944,671.2400679124607,5,True,True,True,True
4,18954.38,11,110.26,5,17.09,1,11.91,125.04,33.46,15.42,168.24,391.21,592.01,730.43,70.53,50.36,23.8,40.81,5171.77,144.78,19085.73879700529,317.5343123733806,21994.54872817629,169.3423449248113,58340.709469135465,985.3838835304837,6,True,True,True,True
15,15237.24,9,50.55,7,14.82,1,7.07,114.57,20.4,24.49,260.64,469.72,105.24,365.55,26.6,71.52,23.08,145.88,7362.16,98.06,23535.82939419849,248.38310905202647,23528.847807463895,187.8814120819881,58259.43187477181,216.8460345010172,5,True,True,True,True
8,9805.54,4,48.12,8,61.68,2,12.21,79.17,9.37,14.06,112.8,236.38,506.17,281.23,49.23,52.75,7.15,59.86,2812.55,73.56,50860.15470168117,459.8677311687429,19603.87464781872,158.2770640048982,58154.48820810941,798.8378660631379,5,True,True,True,True
5,16904.29,2,66.7,7,30.01,2,12.05,75.47,7.54,24.98,107.1,394.02,548.43,367.21,43.06,15.83,9.7,32.09,8017.87,136.83,35691.389788472196,709.5499725803585,23949.005319379117,501.39621991201494,58151.08820629025,846.6494348217708,8,True,True,True,True
0,14408.88,7,21.87,3,13.04,1,23.17,100.44,23.12,23.64,48.69,660.16,463.75,663.8,46.11,38.63,6.61,105.55,4340.6,147.59,18442.35032203515,240.44122898018537,23024.517540930792,254.43707332703067,60781.822119980396,406.58605136437416,5,True,True,True,True
1,12550.55,10,31.62,8,71.76,1,12.89,128.29,23.31,4.58,183.61,327.73,248.81,204.45,37.4,28.53,9.89,147.57,6919.41,58.89,88269.36504107623,1128.763959889784,22823.76295581647,301.8505878156896,58317.40734634645,319.0578451807059,5,True,True,True,True
7,14232.67,9,91.3,8,26.19,1,22.34,24.66,31.11,13.83,118.16,280.57,350.29,747.17,61.94,74.3,7.36,29.54,5332.56,139.56,33429.41677463323,574.2313339738963,21862.96984421299,294.8302570467028,58268.05392822606,375.85800213256186,6,True,True,True,True
18,10879.69,4,44.54,6,17.21,2,15.84,105.18,20.97,6.57,233.52,691.66,573.95,584.96,54.37,52.17,17.15,24.93,2427.57,93.39,23608.444815782088,321.6819263314823,19863.433179955056,342.87268689176744,58176.122767325905,618.5097374275592,6,True,True,True,True
13,17792.24,11,94.64,7,28.47,1,23.88,101.34,34.68,24.68,253.04,171.92,508.12,446.18,19.37,43.37,20.31,91.83,8945.27,99.47,37283.61228507111,610.1181992919769,24949.536106038675,337.4089341642364,58388.061327285846,1159.184091194488,7,True,True,True,True
23,15254.91,6,30.16,6,19.16,1,21.92,49.42,28.57,13.88,135.99,160.23,247.93,460.39,55.07,58.79,17.74,131.27,1536.94,55.92,11797.653019341335,153.96596359207575,18424.356749027527,408.06583344736254,57275.85845740134,578.8286446108268,8,True,True,True,True
28,17599.73,4,90.36,8,14.03,1,10.92,134.38,22.78,20.49,254.16,634.55,581.14,231.82,44.74,13.06,11.23,99.99,6995.27,61.02,23424.934483659097,339.35365098663397,22710.946650303093,470.9697717516418,57632.94553563346,712.5379640806689,8,True,True,True,True
19,11192.63,5,43.88,8,15.78,1,19.08,122.4,15.82,23.24,158.0,378.11,455.66,392.77,39.84,69.83,5.88,81.92,5517.81,144.23,29544.496085821796,260.14193889353726,22030.93555974351,433.20477234944644,58290.99574085084,792.7197156705159,7,True,True,True,True
16,13368.72,11,26.89,4,33.93,1,4.45,134.2,7.4,20.85,223.3,217.65,579.15,537.88,22.31,29.51,10.29,75.33,4348.65,76.11,36596.03655263287,689.5441033632248,22309.00112282241,450.9164616599724,59505.711193547715,694.5710075746216,7,True,True,True,True
9,17873.2,12,75.0,3,60.98,2,23.22,132.41,6.84,13.18,64.42,123.54,591.58,318.83,56.44,58.67,20.43,148.27,8340.84,93.87,67489.48336550864,1180.3689990870091,29541.29207185728,630.8305046471879,64441.78150666811,1167.6817824881675,8,True,True,True,True
26,12250.24,8,24.39,2,56.91,2,15.52,103.92,23.46,7.69,134.19,726.32,197.99,466.75,65.44,68.98,23.26,141.43,2650.43,54.21,36778.62158729425,481.8470380977923,23886.938855635155,382.45905095320893,63590.83368908969,309.3618288193953,5,True,True,True,True
37,15406.67,8,24.52,6,56.28,1,13.45,147.56,11.79,6.27,224.23,274.15,452.84,298.04,56.48,31.5,17.24,149.1,1479.36,26.53,18344.160036016405,385.87258658398247,18473.89551698375,222.89224075705158,58075.44064495748,818.9348207209507,8,True,True,True,True
6,12941.74,7,52.88,3,35.59,1,17.29,108.96,27.42,6.58,262.25,125.6,512.81,150.29,25.07,39.25,6.57,86.66,5521.32,133.14,40590.43129510284,546.0475127851362,27329.645719620738,660.8277830712664,65116.30143127592,918.2578407839792,9,True,True,True,True
35,9968.55,11,106.36,4,71.65,1,4.02,81.11,31.53,22.99,89.01,736.76,96.52,138.19,48.62,18.41,7.36,66.07,3406.57,144.98,70136.07326029557,1288.6034531824619,21018.9294720687,198.1487185316726,59342.6784892082,694.7070154282037,6,True,True,True,True
41,19119.14,11,29.9,7,64.1,1,11.35,88.44,16.67,17.06,264.99,332.83,395.47,704.56,15.68,21.93,16.26,45.85,4074.02,137.02,38622.97016503021,424.5690749673698,20763.886480524594,319.15567246221514,57559.1828086194,546.5748277518942,6,True,True,True,True
40,15788.99,2,107.01,6,15.76,1,23.37,83.94,24.96,19.34,75.37,521.47,120.05,253.06,60.9,22.82,11.77,92.34,4703.33,58.59,18463.710143364016,231.72917147560287,20995.210739732553,349.6977330441341,58061.57352705705,444.1017801601183,6,True,True,True,True
33,11538.09,6,103.82,5,28.02,2,11.54,119.3,12.37,14.84,60.49,191.14,103.78,626.29,13.3,39.21,5.51,61.39,4490.7,55.64,38386.9574406577,552.9792615485071,22112.06196812779,469.1250616700564,59343.01000134356,986.8556965129272,8,True,True,True,True
30,8451.61,10,26.72,4,49.33,1,22.22,65.13,18.56,16.42,210.32,688.46,337.43,504.96,58.86,67.63,16.55,145.63,2358.32,141.04,43781.60860969948,772.863025722182,21061.276824287877,379.9087154063905,60486.84437318745,922.0797103326906,6,True,True,True,True
42,16443.25,9,99.14,4,55.93,1,24.49,119.9,10.04,13.46,281.54,525.64,319.48,469.39,16.02,51.79,11.45,136.53,2911.47,29.52,36293.536511012666,629.4459932327499,20292.379291554535,417.3366790833038,58629.20661938445,922.7402223774453,8,True,True,True,True
36,7632.4,6,102.47,4,37.41,2,14.73,91.46,13.75,6.99,150.94,534.07,205.28,244.96,42.51,59.96,17.29,82.04,3513.16,77.56,59826.57235075107,758.4668123440714,23020.034789006546,368.4888401253019,62086.9139026825,667.2513059376067,5,True,True,True,True
39,12400.42,4,30.84,5,31.3,2,20.62,43.04,35.62,17.99,214.14,253.55,209.02,475.85,73.49,19.45,9.83,76.22,7522.48,88.4,48263.783698122876,965.5726767779415,25509.05651551449,371.8285405814179,60737.49418745943,450.7396391066994,7,True,True,True,True
45,13460.99,10,90.16,5,63.14,2,20.37,124.31,18.87,18.1,259.7,576.22,581.89,631.0,66.51,14.96,6.52,29.55,4614.26,43.39,62091.64734672171,937.7320597672481,22163.288917733084,415.7622783537301,58962.097487096784,643.258493538831,6,True,True,True,True
27,15311.38,4,29.45,3,32.39,1,20.58,25.26,15.23,23.81,93.82,662.04,248.08,594.74,28.91,40.4,22.8,67.46,5985.12,136.16,32868.546596627544,456.8920598643693,26619.349324441533,916.727274583584,63407.216252291226,1300.7607261640876,14,True,True,True,True
47,15965.76,7,61.96,7,18.53,1,10.74,49.24,22.16,7.76,247.83,468.91,403.88,315.51,57.01,24.2,5.29,38.17,8654.17,114.81,32782.14627310185,459.56030454820007,24391.135931042612,439.9469259851395,58220.5501124494,756.5240034951781,7,True,True,True,True
17,17499.36,3,70.71,2,35.19,1,12.1,77.95,29.2,4.32,200.24,172.75,515.5,477.55,50.39,23.28,13.7,80.94,7600.83,49.6,39181.77729735289,743.4969481728805,43173.13123905869,2404.80608362254,78632.0213199121,2548.5907788852664,15,False,True,True,False
12,8674.74,12,35.89,8,23.3,2,8.84,108.48,34.23,22.02,184.45,187.32,306.12,414.93,70.43,23.84,23.88,134.91,8521.42,133.82,58620.03591315592,1236.141957394112,26289.08622758155,605.4796499120331,60611.23563921206,916.7148644391224,8,True,True,True,True
50,16643.23,9,69.78,7,73.33,2,17.59,32.19,18.67,9.59,148.12,326.93,152.17,484.73,68.2,49.78,11.85,31.74,3297.96,65.79,40527.43506456291,491.0553432033054,20125.51880069435,292.1127402526884,58083.197068433365,956.890268784672,6,True,True,True,True
52,14094.08,4,67.1,5,12.4,1,24.34,74.16,13.68,23.88,167.39,193.81,591.32,428.37,37.77,16.57,22.11,121.88,2856.06,55.7,14223.212459403934,217.49125109749173,19995.711506656633,279.2287739152539,58202.29469970997,698.1404882316652,6,True,True,True,True
55,17308.94,10,38.64,7,26.5,2,19.82,112.73,8.14,14.31,199.68,146.64,137.18,490.93,43.98,35.33,14.99,27.04,5886.56,46.29,29020.998039288756,343.0628112513738,22154.055120050685,378.6761096267542,58178.83483390902,501.1572945318695,6,True,True,True,True
51,18945.25,12,42.09,3,26.02,2,8.55,125.52,19.29,14.33,247.32,216.9,299.12,253.31,37.86,48.55,16.7,30.87,4162.59,45.41,20589.850754026436,330.47323994324535,21332.894634735265,335.15198159245216,59081.26809534591,783.575304864864,6,True,True,True,True
57,15109.88,11,97.5,4,33.44,1,7.29,78.08,15.16,11.08,169.6,717.7,373.17,164.75,27.83,43.06,20.73,98.21,6601.0,137.4,41616.98981934184,552.10104846716,23993.662652226638,285.3852757579876,60081.47778376257,170.52133226244743,5,True,True,True,True
49,10338.38,11,55.04,5,51.29,2,4.29,121.82,22.04,6.34,205.77,354.52,566.48,131.82,20.89,14.5,12.26,36.71,5819.15,109.73,76984.02051872427,596.5343750124832,23608.97642260614,366.6315459327635,60665.351313471656,447.9088815677297,5,True,True,True,True
59,13678.05,10,29.05,7,35.78,1,7.37,24.73,9.27,23.62,226.02,188.92,501.02,273.17,18.92,34.09,6.57,122.81,3229.7,104.89,29356.78539606363,325.1174199303131,19581.85773408611,297.9072740084961,57368.455096760335,747.5376977396722,5,True,True,True,True
43,14636.64,6,19.89,1,64.87,1,8.72,118.73,19.23,13.47,272.76,295.54,308.69,314.62,71.96,45.71,23.85,142.8,1695.26,119.91,25164.370130106578,326.83171089020595,25986.533106948234,1161.1551849372822,66181.25001916346,1580.8211844146679,15,False,True,True,False
58,9538.83,8,40.97,8,25.13,2,6.95,62.47,22.59,23.43,116.05,718.84,227.48,713.73,67.73,25.01,4.18,35.56,7815.75,82.35,53760.28204598573,835.1700843633747,25342.060891251982,247.93723440969094,60282.44382842417,844.997554099763,5,True,True,True,True
48,10707.34,7,66.55,5,55.75,2,22.13,98.32,30.31,8.42,69.55,419.46,186.54,541.52,56.73,31.21,20.0,82.49,6774.41,43.31,87955.50784654608,1024.4438226207712,26671.72698710215,606.8344896053488,62366.47060653982,1383.4925862693758,8,True,True,True,True
64,18960.88,11,24.21,5,32.07,2,5.78,148.16,10.74,4.71,188.01,557.09,579.83,438.12,61.41,47.62,20.51,27.73,1670.83,30.8,15172.851298521806,233.0782281790339,18880.07576122646,284.5656522840229,57476.56032797347,684.3381976852631,6,True,True,True,True
63,13267.18,12,36.59,8,43.83,1,7.62,70.32,19.03,24.78,170.96,234.35,265.01,439.06,16.91,36.1,22.31,89.06,1630.05,76.88,21870.887776184296,290.7204279050267,18346.4087549026,190.88900340953535,57366.68677432507,892.8541684771476,5,True,True,True,True
62,13998.4,8,91.78,6,30.13,1,23.45,88.72,32.04,8.95,53.33,255.59,155.79,518.58,39.27,52.18,10.77,27.2,5700.61,79.16,39661.87708233325,510.57697176215765,22115.29148431548,399.14950676975553,58301.38765787205,791.4444021526998,7,True,True,True,True
66,18667.45,4,24.89,6,51.33,2,21.83,36.96,20.49,23.08,181.49,206.96,211.71,210.02,27.98,28.58,17.46,35.67,8524.59,118.46,52185.8000602059,856.6793978505508,24100.991579492325,462.5625837004039,58127.40813742367,444.11338810048534,7,True,True,True,True
61,10509.46,10,81.42,7,56.68,1,24.94,149.76,12.06,18.39,200.37,481.07,216.41,169.02,64.86,13.41,24.37,110.99,8300.97,112.24,107595.05185690123,1341.4988343341497,24977.840689316432,223.41896294254653,59322.8494616059,1071.352122183628,7,True,True,True,True
68,12142.85,7,81.65,7,51.45,2,18.55,40.41,25.28,7.73,236.76,716.03,252.67,385.47,48.03,69.94,6.09,50.98,2055.1,35.13,32950.28619022037,428.71082630585653,19024.81400075342,245.62641961269608,57733.27965500233,745.5275236289167,5,True,True,True,True
69,13568.53,9,99.74,5,58.29,2,21.15,92.62,6.27,18.25,225.89,726.13,101.76,638.19,54.95,16.3,15.29,114.86,3658.5,60.12,47992.3046604059,690.9700226192933,21260.745461752842,244.57780315517664,58761.43984588728,936.8212492999189,5,True,True,True,True
54,8253.41,5,25.53,5,48.38,2,13.56,108.13,35.18,23.56,227.35,210.39,483.61,638.81,71.48,53.78,21.35,27.14,6125.43,144.15,87117.67838479913,1539.874794778631,30716.412535690564,839.1879836098228,66903.18371832353,1061.6206030664403,10,True,True,True,True
70,10603.91,5,48.45,6,72.81,2,13.62,50.15,30.7,8.9,134.81,227.27,214.45,571.82,22.6,17.29,10.78,53.09,7551.33,104.52,112967.61908667562,997.0167084786601,25322.945150528052,350.03757756382663,60326.28681612556,601.1812213661066,5,True,True,True,True
46,18398.22,4,43.76,1,51.18,1,5.78,103.28,22.11,19.72,173.78,620.79,464.1,161.88,18.62,32.54,21.7,46.82,5059.38,109.8,35303.28648335126,457.94838584885787,79129.79396878586,20803.591598489915,123536.8737959415,27956.486753669305,15,False,False,True,False
74,18231.52,6,81.92,5,54.16,1,15.02,24.5,36.52,20.34,290.43,508.51,493.68,216.1,68.79,24.77,11.47,80.1,5304.36,128.4,40778.33173184187,942.22790438488,21639.74326153131,402.21749639064353,58203.94487946844,746.5135886972156,8,True,True,True,True
24,9854.49,10,72.31,4,43.9,1,15.96,134.14,29.39,21.23,151.3,714.06,500.68,145.91,32.94,23.09,13.22,70.8,6850.69,34.35,73300.46268238836,1015.4416037020659,32340.628192938173,1207.126052302227,68554.87393567624,1664.8752459314924,15,False,True,True,False
20,9109.13,4,29.5,4,44.92,1,5.5,36.47,27.86,13.42,116.16,310.18,122.5,632.38,12.31,17.61,16.97,40.89,6074.05,61.44,80105.89648317461,1391.836865801857,33070.420368169835,1140.8828799012622,69996.01682143255,1213.6085927034715,14,True,True,True,True
76,16924.02,7,82.49,8,57.42,2,10.49,94.78,13.03,11.35,62.29,324.72,253.35,139.7,26.35,69.85,22.72,138.07,2782.37,83.15,30385.57793754098,357.812440169372,18672.055503443113,327.0806811653824,56767.8491065581,1110.4363552067323,7,True,True,True,True
38,12163.55,5,86.08,2,51.98,1,4.83,129.22,19.8,14.18,66.54,583.41,297.06,369.12,37.61,64.47,17.11,48.45,5854.04,111.01,63088.248370585825,807.059261899169,52581.43304788202,3393.2408758531,89956.38111627422,3982.9425905444023,15,False,False,True,False
77,16621.09,8,41.05,5,33.07,2,12.19,124.96,17.77,20.62,200.2,202.37,534.89,565.52,22.13,22.2,11.42,38.61,7147.07,73.48,36006.296856483634,658.8218812974326,24018.262469457957,422.1047337826284,58805.17877527315,689.2142227041704,7,True,True,True,True
22,10390.25,9,26.37,2,53.15,1,24.74,131.3,7.62,15.66,60.64,420.72,205.11,385.17,18.5,69.64,7.93,88.53,4560.84,90.09,61926.508562004456,1039.5477990728436,47697.60334073763,2025.7083284123362,85964.58778149418,2179.681837989588,15,False,True,True,False
78,11170.12,4,66.96,8,64.74,1,15.96,71.85,24.3,18.14,110.56,569.8,533.83,703.41,19.18,70.85,10.12,84.65,5039.35,75.18,76117.64603814215,1387.8909636865112,22009.726419467857,402.17221657414757,58835.55222969238,642.0769483544981,7,True,True,True,True
81,11396.58,2,104.19,2,50.46,1,14.56,82.64,14.76,4.95,228.74,377.59,262.38,601.01,25.05,24.49,12.98,135.11,1761.13,28.14,33423.519227774486,412.83226798902376,21333.742018296434,269.23702288206584,61287.552213373245,889.6772921319767,5,True,True,True,True
82,19764.94,9,38.57,7,73.75,2,23.72,52.22,35.99,7.04,138.61,663.48,148.68,598.65,20.69,37.71,13.61,88.0,3887.66,108.79,37664.98544470886,718.2611563744367,20462.80408026864,567.8047264715415,57769.00404364486,733.5941432938502,10,True,True,True,True
71,8713.19,7,89.91,5,51.99,2,4.96,89.92,24.66,4.82,142.96,317.7,554.89,463.27,70.22,22.06,8.25,75.33,5451.09,121.86,83587.98662676553,1663.8120782401604,25693.40241894001,707.549080369624,62917.229568357165,1347.0679416145515,11,True,True,True,True
84,15821.66,3,88.81,8,67.69,1,19.44,105.75,14.91,21.64,144.63,381.96,274.59,328.09,46.47,38.8,21.55,56.23,3792.56,70.16,41990.63602916992,727.8928798019556,20118.202497647642,313.7485895006254,57571.27265629385,898.9498700370982,6,True,True,True,True
73,12265.65,10,43.38,3,74.06,2,4.67,131.69,32.57,19.19,74.12,405.33,154.47,606.51,32.45,19.24,4.33,33.35,8179.13,73.94,108007.94949287678,2009.0656546551008,44002.34008413392,2099.4276676327727,79044.6109721903,2464.9180807105577,15,False,True,True,False
67,11102.82,8,66.57,2,30.73,2,13.06,62.85,8.79,23.16,51.03,634.87,584.09,333.21,35.77,33.18,10.03,104.12,5629.1,37.05,42639.98487842164,579.7235588112163,60665.309507779755,4151.250937276356,98476.41464808461,4840.988444632736,15,False,False,True,False
65,5653.76,8,53.42,5,26.41,2,16.48,59.14,10.54,4.22,54.48,714.95,284.9,516.45,42.47,34.9,24.98,91.56,4755.38,27.55,64706.22022015046,996.3337131174497,33496.963438147824,771.8594074161834,71571.10515469767,1239.2735115881296,9,True,True,True,True
32,7329.61,11,53.64,5,32.34,2,24.42,145.82,32.15,13.65,184.72,498.77,301.86,378.61,21.6,26.69,23.0,81.86,8711.13,32.4,95067.83025369918,803.4378654990803,47194.01832904099,1307.8784582045407,81877.91457564049,1509.1437037989492,11,True,True,True,True
87,13425.73,2,34.29,7,42.29,1,7.96,91.93,29.02,10.33,48.86,150.09,541.43,469.59,27.69,37.05,8.18,64.16,6675.71,65.82,52235.5923954671,751.2565325640496,23069.19953237335,312.2751143190283,58731.981027336114,852.2105541850449,5,True,True,True,True
75,8117.38,4,80.77,2,55.11,2,19.78,140.78,33.3,4.26,255.41,134.28,592.99,637.5,65.13,54.03,24.66,68.11,2788.4,138.36,72342.54189221222,755.9076008109448,42323.08371234424,1244.7159597208642,81824.06341797972,1818.057844221902,11,True,True,True,True
89,13500.29,4,87.09,7,13.24,2,22.92,122.06,15.32,7.72,286.64,682.29,559.51,591.62,32.68,31.28,10.88,72.49,5627.5,138.62,25774.416280160603,341.56767681123216,22335.26044036015,469.6312481327313,58072.85303420986,896.8369457358122,7,True,True,True,True
44,6770.1,11,56.35,3,73.06,2,22.0,44.54,27.35,16.95,151.67,711.97,456.65,622.36,68.75,24.42,21.75,92.82,3717.68,58.85,106885.87120782866,1617.927068411742,40608.16659207542,1838.3987148761641,79331.02933342992,2301.4505017835518,15,False,True,True,False
93,19584.53,8,61.41,5,39.39,2,5.19,146.48,30.07,4.69,299.88,214.25,525.48,269.27,24.1,14.85,20.85,145.7,5837.94,43.45,32444.877149982964,296.91175441290255,22436.713808537203,412.3217194987892,58222.735667127876,575.8137271503672,6,True,True,True,True
91,9153.78,5,95.43,8,30.43,2,23.0,59.81,18.55,16.05,258.72,677.7,372.36,621.53,16.22,36.31,9.6,93.19,4282.91,111.29,56559.239300453104,669.9497876076642,21373.998786921704,383.37866065714894,59196.34610150681,669.8248119548208,6,True,True,True,True
90,10479.14,3,67.0,6,38.36,2,6.63,112.18,19.09,4.01,259.02,440.34,443.0,644.36,15.94,19.6,11.69,138.11,8003.23,107.83,78038.14705853547,714.5835186217208,26703.754666453307,383.534803961658,61777.78667047451,719.0801032695542,5,True,True,True,True
95,12990.63,2,39.37,8,35.98,1,14.01,44.38,30.98,12.75,173.99,301.62,279.39,470.84,28.81,53.75,4.64,141.44,7291.39,84.54,52596.74167624028,970.1927391095102,23540.023872524278,278.0182425768464,58891.98969913763,532.4820738648652,7,True,True,True,True
96,15778.16,10,69.81,6,42.86,2,18.38,35.68,34.64,8.88,94.57,206.13,568.91,383.84,21.88,53.68,4.25,142.28,5047.83,29.81,39617.40446109609,601.4619110638812,21397.988594126182,419.3056149523564,58207.81798693743,856.1652328972247,7,True,True,True,True
97,14962.96,3,67.09,4,73.64,2,19.68,28.2,17.03,18.43,90.59,377.33,124.5,125.21,29.08,35.69,15.44,29.7,6754.69,75.14,70980.05542486254,1030.9239451046417,23891.55912781136,469.0834645559323,60171.05047097878,934.6443121770641,7,True,True,True,True
98,18963.28,10,24.82,7,30.34,2,11.35,59.24,15.15,12.28,53.92,274.92,308.98,539.85,47.69,13.67,9.86,144.33,4632.51,135.79,19537.97080611613,365.36543565621207,21039.05259105103,440.96055497014015,57587.35711191276,574.5191019555224,7,True,True,True,True
94,8509.11,12,86.23,7,14.88,1,9.5,95.1,15.63,24.41,251.67,670.15,334.65,442.98,22.13,32.97,6.98,87.59,5192.58,76.1,43867.15783971416,546.0251769565654,22703.346777369705,87.59825314027539,59548.458579739425,317.2069412818459,5,True,True,True,True
100,17349.48,3,45.3,5,14.71,2,16.53,123.57,27.68,7.99,119.75,516.44,398.36,747.34,43.62,43.13,24.55,64.56,7482.9,75.47,24358.77205668961,139.32539741612152,24491.445130969412,307.11118806402953,59383.4612386198,821.2296841010489,5,True,True,True,True
99,12464.56,10,66.38,5,73.25,2,15.93,60.14,20.73,16.81,109.96,314.95,232.22,709.82,35.81,14.56,18.75,136.12,6154.11,99.49,88591.50236215538,755.024285102063,23970.016354425774,194.95071075319302,60309.67505282973,437.3852732941846,5,True,True,True,True
88,8012.74,12,83.06,6,55.4,1,6.57,45.78,12.49,5.27,218.54,505.05,528.39,694.4,46.67,31.81,22.68,139.51,7769.84,33.57,129375.96680512327,2082.4063712490356,32553.424993473454,446.6307610979398,67807.99466660935,1064.7582062128242,6,True,True,True,True
11,6859.27,10,74.84,4,13.81,1,23.49,32.87,35.87,17.06,176.87,537.59,165.54,542.33,44.28,46.59,8.29,84.94,5912.46,125.08,43795.917952474134,655.2445960430377,45844.472796249975,2267.49696544329,82784.70527990028,2616.545473361044,15,False,True,True,False
104,17402.69,5,38.42,6,19.9,2,19.83,116.63,26.32,21.31,183.65,596.2,206.43,350.65,28.72,47.29,9.58,31.62,5224.69,82.22,20409.659402553174,216.85193479975837,21760.51387127285,427.54320685556024,58322.809816989735,679.1907448327631,7,True,True,True,True
105,14427.2,12,27.14,8,43.92,1,8.33,135.3,25.28,9.99,232.89,245.29,260.03,407.2,43.15,61.56,16.72,71.89,3099.14,71.5,31324.198854130704,423.33545023815606,19796.83639167265,262.70786433408574,57750.39658491674,564.3803604758222,5,True,True,True,True
101,18961.46,9,92.16,3,49.25,2,23.38,133.54,36.66,8.72,219.59,416.77,546.98,365.89,34.34,33.86,11.79,55.55,7625.25,83.29,48740.75138972182,722.0568566887888,26929.708003816762,844.1911169300947,62297.14516655089,1256.605508787373,12,True,True,True,True
86,14089.62,4,76.17,2,35.47,1,20.67,144.89,18.73,11.19,117.15,335.73,579.26,666.35,59.37,63.29,22.11,40.36,7130.55,65.44,46700.72424490109,818.6461978818222,66078.79755739789,6743.897856419689,103144.88725332246,7911.61125456736,15,False,False,True,False
108,17661.51,12,29.14,6,34.09,2,5.59,84.04,19.9,16.98,187.8,378.32,599.53,337.59,26.04,65.53,16.61,137.71,7133.37,135.98,36186.463996717284,293.6799197764249,23387.62125665131,228.34286879915857,58677.92106756952,542.951238521635,5,True,True,True,True
109,13024.57,5,88.88,7,32.89,1,8.08,43.08,23.09,24.99,179.14,539.4,479.16,724.39,20.45,52.48,6.3,120.22,1972.83,137.14,25698.269162733788,394.973861870777,18968.250892079235,247.90806035339676,57442.46582520232,602.8477053388616,6,True,True,True,True
106,19538.76,6,29.6,1,41.25,1,6.91,65.03,16.13,5.16,65.28,734.31,244.78,569.23,37.15,55.53,9.47,35.71,1474.05,77.65,13124.773701019823,234.36387988727336,21339.39808379954,800.5993407428732,61390.483117183634,1100.7201878234077,15,False,True,True,False
110,18767.82,8,85.33,5,43.64,1,22.4,32.67,9.08,13.36,114.72,160.52,342.97,395.9,56.91,36.21,21.71,127.31,6164.93,122.34,38098.16232658784,948.3966476977353,22552.320706401366,550.8468951226528,58774.409909491325,680.0086246170955,9,True,True,True,True
34,5009.82,3,40.94,7,53.02,1,20.56,134.97,22.41,24.25,218.8,599.38,533.72,693.89,19.34,70.29,10.55,103.06,6890.31,131.79,185142.96792411956,2646.4241888623665,40771.66188065219,1142.4878287215754,76526.2328381609,1365.7572081929368,11,True,True,True,True
115,15379.72,4,69.42,5,63.73,1,6.47,102.83,12.85,13.08,93.53,408.65,312.87,514.97,65.74,53.29,12.54,58.32,1500.91,98.29,25554.76862455708,548.235418659439,18447.571213494375,163.63260431607563,57233.83901664207,375.2063596906328,8,True,True,True,True
107,14580.76,12,65.51,4,58.29,2,5.61,76.37,11.27,21.15,103.69,146.16,455.52,296.39,31.84,69.98,23.46,54.45,8143.96,37.75,76679.25671683147,1238.2442596937003,26955.02920092147,815.014979847364,61747.29011478398,1187.3954235907988,12,True,True,True,True
92,13872.83,12,51.11,1,33.02,2,22.01,28.41,26.06,4.89,98.66,432.77,327.88,325.06,13.75,37.3,24.84,93.26,3322.2,149.13,24085.311805495126,374.0201488384866,60577.11889011674,3900.844391590565,100434.12984691393,4473.6204089471885,15,False,False,True,False
112,6679.42,10,93.47,7,13.1,1,14.43,128.21,15.86,19.17,255.14,728.89,592.18,238.62,63.1,60.18,10.83,119.97,1707.23,86.08,33586.864363109955,799.9507360768841,19037.027743689556,92.1759185955429,58943.136560122475,907.6116681756299,8,True,True,True,True
116,7509.69,7,108.45,8,71.9,1,16.56,61.82,15.86,14.54,92.92,720.08,107.6,717.1,52.22,20.02,17.91,128.25,1485.97,133.4,62012.543180398294,845.7727159603312,18957.112634741923,153.08801159793597,58378.12345124104,524.4018607703791,5,True,True,True,True
114,15759.14,11,58.95,2,56.36,2,17.55,78.8,34.12,6.29,50.55,471.32,255.83,641.16,17.15,37.07,21.71,41.35,3546.61,25.29,37971.22368544691,928.0490379919819,24685.01927146993,675.9113845310052,63190.877911216565,893.4520470129241,10,True,True,True,True
118,18770.74,9,44.23,8,25.57,2,4.77,108.75,19.79,22.41,250.26,547.89,336.43,437.2,49.99,53.16,22.17,40.42,3423.46,108.68,20834.30376305349,502.54749538741004,19875.88637990324,508.54172720125155,57095.63823171436,933.432230908964,9,True,True,True,True
119,19150.17,8,95.4,6,21.04,1,4.5,94.99,23.64,24.52,270.0,244.59,404.19,200.13,23.33,72.56,5.81,27.34,6935.69,79.11,22700.987492828568,406.0005198737376,22649.875084486102,316.3211613656361,57765.16720477719,875.5820927513897,6,True,True,True,True
117,17943.92,4,75.08,2,34.71,2,10.35,111.93,11.71,15.71,127.45,121.42,549.6,538.75,32.35,18.28,6.73,118.6,4673.14,114.98,27860.380669498343,511.96406668140344,26758.99740295494,585.3368053530644,64184.067090784374,997.4284916987605,8,True,True,True,True
124,16611.01,11,109.58,7,59.13,2,23.72,46.51,19.95,11.33,88.16,743.36,456.75,538.39,56.25,15.79,9.26,58.77,4212.04,67.89,42057.508196632865,457.2747208389174,20812.56076126845,331.1968000865385,57891.3175879407,706.6807418307578,6,True,True,True,True
125,17598.48,3,54.87,4,23.32,2,20.39,123.08,16.15,6.5,232.89,258.77,236.43,290.75,12.13,60.03,5.82,80.26,1662.8,82.96,15162.170031096408,180.0107447290488,18399.936222207405,411.4380336891665,57444.74282015604,979.675212485363,8,True,True,True,True
123,15082.93,8,38.82,1,23.62,1,21.05,140.34,31.82,22.69,109.73,639.27,469.7,704.27,26.61,44.64,7.48,97.42,1552.61,115.76,15012.281910193395,153.2240774578911,28048.53060487255,419.6914827587228,68969.2479672343,747.0595265133974,6,True,True,True,True
102,7325.87,7,95.85,5,30.73,1,13.74,136.31,37.29,9.09,135.08,610.91,561.82,701.01,22.23,57.72,7.07,30.82,5771.57,38.32,78543.72164503025,898.8317855829799,32224.57585378294,787.72164105985,68634.33051425357,1178.6518969755607,9,True,True,True,True
128,14738.81,10,58.97,4,37.45,1,16.32,139.99,22.09,12.67,135.26,636.36,150.29,736.28,14.94,13.53,24.29,148.62,1888.82,54.8,25306.405192883623,186.17302763202042,19668.74817442594,230.11587077645694,58342.72649123754,322.84451240301667,5,True,True,True,True
121,14347.31,6,95.89,3,48.59,1,20.65,80.01,12.75,4.63,217.31,714.32,511.04,572.61,27.97,13.7,10.8,94.34,6380.68,104.84,57263.765248581665,760.0067347730721,30643.478094775,995.6968503220846,67361.38335923594,1190.1188400867838,13,True,True,True,True
122,17206.49,3,53.68,2,25.19,1,14.61,121.34,34.56,23.42,208.19,519.31,521.25,276.72,48.45,17.21,16.17,137.44,7750.96,128.52,28434.76709369115,456.6758899715525,43788.879538923546,2322.790142619827,79072.27246361777,2556.4305943362824,15,False,True,True,False
131,14549.98,5,68.31,5,21.39,1,24.7,136.46,26.0,22.5,223.85,574.13,402.87,712.46,18.13,34.51,4.51,123.27,4141.19,102.47,25829.918924304427,442.46321722191027,21552.561289736175,328.956796741227,58709.91058842354,774.3722436733493,6,True,True,True,True
126,5041.71,3,24.25,8,73.68,1,6.16,126.95,22.71,6.63,73.84,185.51,186.27,192.69,57.67,56.64,24.19,140.76,5126.53,137.53,181761.1461680977,2272.434325839361,24457.284646215707,286.47081543968,61429.86974251013,859.3458780822585,5,True,True,True,True
103,9593.35,2,35.2,2,66.19,2,6.17,60.43,28.09,13.21,234.48,396.55,251.97,279.54,15.52,52.88,4.77,70.75,4513.73,33.01,78978.32179418467,1036.331228791253,54281.22920120867,2810.3863939796906,92623.17910654838,2977.418598097456,15,False,True,True,False
133,19431.0,2,52.1,5,48.3,2,9.0,127.67,24.09,16.75,221.91,253.34,210.61,613.33,27.13,53.12,19.55,67.49,7045.31,137.35,45543.22295675534,799.9962033578764,23848.05582240534,273.71733238226295,58937.52314953901,674.600904708015,6,True,True,True,True
134,19331.82,6,69.43,5,61.15,2,20.73,118.6,12.37,11.23,137.92,144.57,480.74,293.61,38.75,53.99,5.87,47.9,4398.13,95.22,36709.19955486911,732.8933109448582,20837.641837500832,320.2140576840019,57802.067812681096,399.3728515078741,7,True,True,True,True
132,7067.63,3,88.42,7,67.59,1,16.81,91.81,36.56,10.11,291.74,250.2,396.43,597.98,24.86,12.37,16.97,125.19,4520.51,58.39,125612.44409552125,2014.2875791082404,22884.947652509636,250.46298334864105,60070.33706664972,676.0407038874794,6,True,True,True,True
53,5115.24,9,49.29,6,70.78,1,18.0,127.23,37.45,20.14,123.93,497.9,187.79,684.99,56.39,62.76,5.7,110.74,7516.47,136.04,240191.1711548392,3069.59632957456,54739.86026922592,1660.3789756341566,90207.80737884658,1934.2724875747488,12,True,True,True,True
138,13460.83,9,70.97,7,71.12,2,16.44,105.86,8.55,17.77,114.52,245.25,377.51,308.47,63.47,63.09,24.25,91.36,8540.02,145.21,99247.2307844496,1178.874551817874,24584.198245196178,368.2091612274163,58761.17416553244,777.7765857063325,6,True,True,True,True
79,18606.1,11,105.23,1,14.25,2,6.64,84.19,9.25,17.05,203.94,190.05,576.57,672.03,64.77,71.46,4.95,140.55,5205.61,118.27,16913.878514452645,203.41501117085377,289644.35928939213,60891.256654033146,415768.9959695024,85030.95078200301,15,False,False,True,False
72,17391.88,8,39.87,1,19.2,1,10.52,96.24,15.18,24.03,135.76,550.58,352.35,606.52,44.68,22.67,6.43,94.22,5009.8,145.35,16979.626580221156,178.15115187612003,296498.38856502005,39262.44001730701,425719.3252284368,55068.31211019526,15,False,False,True,False
140,14864.16,9,84.82,5,26.06,1,15.73,83.06,11.3,24.58,226.77,139.85,378.06,178.17,21.2,12.33,14.49,42.84,4092.48,117.38,23746.46489049543,363.36813238238125,20608.77664326246,218.70107454675812,58581.05441672627,283.0283412643545,5,True,True,True,True
137,17694.0,4,58.35,3,51.4,2,13.99,95.64,8.13,14.32,249.84,616.38,186.73,545.13,29.44,48.1,22.84,98.54,7380.83,24.95,52277.56498848759,1002.5147023798936,27987.06441954055,1140.5962388167206,63402.674430693274,1614.9903736696153,15,False,True,True,False
141,15884.0,10,18.17,8,23.41,1,16.61,72.41,22.83,20.32,149.69,171.49,404.87,279.24,21.51,30.3,23.79,44.75,6778.46,142.14,26399.656595715867,351.8633587518739,22551.49678641676,287.09848377188155,57984.43016438873,797.138198150561,5,True,True,True,True
143,11087.8,9,65.78,8,53.22,2,22.52,72.74,20.17,6.63,246.06,318.33,464.76,528.01,41.52,29.46,13.86,64.03,5506.93,77.0,68341.29178133323,596.6678059441093,22471.24759002977,354.50282040543186,58358.7614993077,475.1025553694476,6,True,True,True,True
135,13091.25,11,103.12,3,74.19,1,7.87,138.51,33.42,16.36,89.42,189.53,208.25,735.53,50.8,57.2,10.57,101.54,6796.04,104.62,93948.11120850532,1708.0777891527755,35678.31832917897,1172.9331215131633,71527.07658616672,1174.8632601105369,14,True,True,True,True
130,11681.21,6,46.91,1,37.64,2,13.58,25.19,28.52,4.01,239.65,559.94,578.16,421.75,33.46,62.33,13.19,129.3,2705.51,30.47,30911.391713708108,418.80287389436364,80498.26602037261,13206.570918498344,125725.19354852143,17509.651117836762,15,False,False,True,False
146,16837.49,7,58.16,4,33.38,1,7.34,38.15,8.65,5.54,132.04,185.56,512.58,514.58,50.49,61.95,13.72,137.93,3697.47,83.76,24567.522275169766,147.51060345966042,20910.05545001566,496.64048574427915,58762.00672038699,903.2934634910691,8,True,True,True,True
147,19643.88,6,77.82,7,46.66,1,9.94,36.61,18.62,5.75,79.49,122.9,128.17,154.14,69.12,69.87,11.65,133.91,5376.3,121.03,32151.249549755346,492.64526859079007,20781.851658430627,457.2742815864402,57280.02667960755,775.0377254027541,8,True,True,True,True
148,14416.12,6,87.8,5,54.24,2,23.83,132.35,25.3,17.54,299.81,746.64,295.22,727.3,20.37,31.73,5.49,84.82,5015.02,35.69,54487.75461644629,800.0790872300739,22516.11936937257,177.87621214117863,59123.54388465909,1062.053926908544,6,True,True,True,True
113,5998.08,10,31.68,2,50.46,2,24.98,86.59,7.42,18.9,202.72,300.96,236.68,638.05,62.32,69.27,7.86,119.64,2136.8,105.34,63968.3325418581,951.5447812565674,51558.738176793806,2174.0055787555757,91676.1409765537,2381.5519270187688,15,False,True,True,False
139,11138.92,10,31.4,5,16.67,2,5.83,121.05,33.41,19.94,79.6,204.34,182.38,532.22,73.82,41.96,20.45,145.49,8183.72,27.72,33262.425548602005,520.7967996697463,29355.806522352166,1002.5580545482086,64420.31015645184,1433.501434870235,15,True,True,True,True
145,13869.36,2,100.25,3,25.19,2,18.31,58.21,14.31,23.12,155.21,298.64,96.17,519.64,24.22,21.28,18.38,129.15,7780.02,146.21,41960.03666444842,447.1878936285037,35444.118379654894,1058.8657161022052,70980.16391829058,1440.308106639362,12,True,True,True,True
153,18837.4,8,28.49,5,65.97,2,23.95,72.58,34.99,4.17,106.85,170.19,287.14,361.03,17.58,66.3,8.99,74.5,4710.23,99.51,41743.88427971587,628.8028759612522,20967.35550409594,498.1243936956471,57815.074199738876,1122.1591172634426,8,True,True,True,True
154,13620.12,8,37.31,6,24.55,1,5.66,90.26,34.24,8.64,295.13,658.35,96.33,588.83,26.84,44.29,20.99,44.61,5071.45,106.37,32761.552001415355,486.68083548169307,22079.1756492053,197.8980892983388,58911.910530030305,687.3152382252663,5,True,True,True,True
151,12253.14,12,85.04,3,55.44,2,14.06,24.86,19.66,13.95,287.31,492.2,190.18,554.84,68.95,74.81,8.41,47.85,3513.91,36.15,50282.45810098883,804.4051106863278,22699.822520141064,451.61886231665324,61088.48743264221,783.2813864306222,7,True,True,True,True
155,9575.48,12,52.2,7,52.54,2,19.21,50.59,17.03,10.8,243.94,171.27,302.47,730.16,69.41,53.08,23.83,94.8,4926.69,69.03,77298.26976436251,1408.0108271672927,22888.071399502962,171.206655897306,59563.68698749246,944.795956334335,6,True,True,True,True
157,8856.91,11,55.23,7,24.33,1,22.96,27.66,33.11,17.89,64.63,377.3,530.26,660.69,61.35,70.21,14.6,73.1,4105.88,146.89,41088.513037006276,298.355609707515,21553.386230114884,378.26484184502914,59180.32257499264,577.6043222327875,6,True,True,True,True
158,19341.6,2,74.23,7,49.46,2,24.7,67.72,10.54,22.04,75.72,440.77,476.78,253.04,59.13,61.91,6.22,76.26,2949.38,37.27,25289.05099024539,288.1499108208709,19365.704306034313,436.0474699842846,57408.90032440538,901.6506685265593,8,True,True,True,True
159,16977.63,6,52.11,5,30.25,2,12.05,149.98,11.09,11.09,69.61,221.4,326.36,580.38,71.43,20.17,20.12,53.34,4852.58,148.12,29045.818449159244,489.11803634560016,21719.122413082598,250.33755537308477,57857.47034450638,962.2068145854885,6,True,True,True,True
160,13185.81,6,51.66,5,52.5,1,11.62,68.44,21.01,13.71,87.99,286.25,307.5,740.14,19.53,24.32,22.08,122.12,2228.68,111.82,28820.68391960381,547.0531256054163,19622.25721139205,269.71649940919116,58142.5229250496,666.0151882392267,7,True,True,True,True
161,11908.85,8,40.47,6,28.45,1,7.64,123.8,20.48,15.31,214.55,704.84,219.78,587.31,15.11,39.84,17.09,143.37,8600.0,134.3,53705.7414200234,505.84336817979096,26610.921327683758,434.47145942365813,60997.36939434917,548.0278947552839,6,True,True,True,True
80,15886.9,2,21.46,1,49.47,1,8.7,104.4,29.48,7.25,124.13,503.59,410.46,460.17,48.71,59.07,11.35,34.17,5134.69,90.28,35574.59508170608,234.7876681284332,444817.0474447484,50385.12605063951,633585.4606572887,70715.49931717344,15,False,False,True,False
150,5021.61,8,92.14,8,33.06,2,19.38,127.91,15.73,10.57,201.86,697.42,286.25,426.77,48.47,55.37,9.75,62.08,7501.18,79.14,131117.968473708,2851.6528412938396,35249.92214688256,1250.9205658200076,71133.86543896461,2005.8690278745898,15,True,True,True,True
85,5608.2,12,61.74,4,42.12,1,20.65,53.14,11.6,15.03,177.68,169.49,579.41,314.54,14.84,30.23,9.1,104.06,6482.54,131.66,122782.90431989101,1430.4365841767603,97055.02203862282,21902.670553060274,145261.13014275688,29943.86740853043,15,False,False,True,False
165,11820.82,11,90.85,5,71.39,2,6.48,38.22,37.42,24.11,299.73,551.25,498.82,442.08,22.1,74.56,16.83,47.77,5269.22,123.62,83878.10851618358,810.2043054761731,22959.147189865234,432.9133707982689,59902.97164560953,810.8086779656246,6,True,True,True,True
120,17628.06,4,41.73,1,53.2,1,15.81,92.45,36.85,17.54,166.91,337.87,378.22,446.34,17.21,67.08,7.57,51.47,6028.45,74.14,35922.93000544505,288.6643503747087,448960.7844101476,41708.65868966681,638689.1790794573,58142.23401027453,15,False,False,True,False
162,6015.01,11,78.94,2,63.26,2,16.49,54.43,25.3,16.38,248.67,227.62,118.84,431.3,35.97,30.26,5.29,58.7,2432.44,59.27,78979.52094844492,981.6233756159991,50356.1521675833,2068.311842311878,90266.84470282766,2341.7676686326886,15,False,True,True,False
167,6667.47,12,72.25,6,21.81,1,11.92,70.89,34.98,10.43,175.6,467.74,365.58,419.13,28.21,36.2,10.35,114.53,2609.46,52.64,45701.540096364464,453.976505430084,20206.23242837591,210.37674817951128,58914.519363871324,897.7154851092303,5,True,True,True,True
169,12026.03,8,61.51,7,56.62,1,8.29,122.64,27.75,6.14,127.36,446.9,244.45,686.79,73.62,34.61,7.49,127.08,4558.87,53.66,62176.808308722044,707.4239284330239,21810.605145371654,284.3873996579537,58937.09630711642,434.6512343314514,5,True,True,True,True
166,15586.18,2,84.65,2,26.57,1,18.13,78.81,16.62,23.68,290.26,416.57,570.75,124.89,42.35,50.86,13.82,73.56,6641.82,106.59,31443.371501841706,622.7723215363845,39501.117013805866,1381.0127231373835,75952.32067852232,1454.4552606105951,15,True,True,True,True
170,16643.16,8,99.19,8,72.77,1,24.44,27.54,26.76,18.16,273.28,170.21,324.05,389.8,19.89,63.38,16.39,58.21,2929.53,78.16,35421.1853494224,471.41807404594635,19469.813666796803,400.17591435130214,57780.9931316401,408.36878747641543,7,True,True,True,True
171,6472.04,9,69.26,7,29.12,2,15.53,73.51,34.14,16.61,248.49,462.56,199.06,560.35,73.72,68.23,16.73,71.45,3032.68,41.61,56694.544532490836,941.4992798606607,21280.116902027425,361.00656275330863,59930.84012457455,1062.97419491288,6,True,True,True,True
31,18362.1,7,81.57,1,41.77,1,4.83,30.45,36.83,10.35,295.93,564.2,309.89,299.46,31.04,65.08,14.87,99.01,8957.73,41.88,31237.843371586216,373.92529405557707,709279.9684061676,42204.17857288664,1001398.90851601,59495.87181558276,15,False,False,True,False
174,18623.15,2,105.19,7,37.96,2,15.33,146.1,32.66,18.36,280.17,156.91,308.33,251.14,21.4,52.2,19.25,128.8,5880.04,43.42,35905.55719903353,412.14129941455093,21942.45418958294,480.6816936975799,57703.2532094954,895.3399735942553,8,True,True,True,True
172,7477.91,10,73.54,8,31.31,1,11.77,77.11,11.09,21.84,147.05,573.08,479.62,653.72,65.97,73.66,18.15,109.52,8075.74,34.5,90394.85766510712,1434.5021570156664,27502.61715181249,649.1973076668665,62234.395313480316,1112.616665814838,8,True,True,True,True
175,13314.71,2,25.03,5,14.72,2,10.61,125.45,13.9,10.82,243.17,705.6,568.77,272.4,67.44,62.53,10.06,126.23,1789.55,68.28,12400.05609642643,215.72970724850163,18793.265689465505,313.32166007011625,58014.43216174415,697.9069478830446,6,True,True,True,True
176,18445.63,8,106.04,2,66.75,1,11.56,127.3,12.7,18.62,210.53,242.58,580.25,560.68,32.7,16.5,4.36,45.63,6553.64,94.05,57297.33152308912,909.3320071563055,36316.28432960045,798.9128431368387,72244.29099834437,1286.334910428937,8,True,True,True,True
173,5964.35,10,44.47,5,42.98,2,17.31,124.06,34.01,23.87,274.28,678.51,317.99,499.14,16.21,56.74,17.96,65.73,3155.7,104.44,70692.3944288084,1071.8699309545332,23102.003945607878,427.75928910616324,61881.81885876634,1171.1596820595769,7,True,True,True,True
179,18583.33,3,108.83,8,20.08,2,6.98,64.41,18.37,24.04,49.31,493.08,565.55,124.96,62.35,16.19,6.24,113.66,5194.69,39.51,21967.87668522713,302.91405941019883,20595.766070924823,327.95058030608783,57303.37929804418,660.7857922916642,5,True,True,True,True
178,16248.29,3,18.31,1,59.91,1,16.49,125.26,9.9,9.12,279.99,268.51,301.69,579.53,48.41,70.21,23.68,85.79,2132.29,126.87,28764.398940107538,455.5318877044643,31580.30204280603,864.4620621710286,71739.38604112061,1311.7776010494808,11,True,True,True,True
180,13504.44,8,70.28,6,25.09,1,15.07,61.46,33.08,8.23,129.76,379.26,517.73,226.95,40.42,23.3,20.89,32.7,8752.68,38.17,45313.82328818739,957.837407341503,25181.914237950077,278.2154289353568,59647.98856998711,895.3571723986848,7,True,True,True,True
177,12167.07,6,74.02,3,45.95,2,7.53,123.37,10.77,17.41,159.32,186.92,592.79,303.84,45.46,17.41,20.24,117.85,6367.76,115.9,64528.2980502544,1138.3767139162783,33154.089437704664,954.9301249978699,69725.28718475172,810.6421309192607,11,True,True,True,True
181,16625.5,11,60.45,5,49.94,2,15.42,120.58,17.46,11.07,286.93,400.09,531.71,610.05,15.12,20.44,9.71,94.14,7246.51,76.05,54265.26783128265,740.0252718018229,24141.08703040533,334.1370872839449,58762.811502823235,738.9112369647969,5,True,True,True,True
183,19078.98,11,83.08,8,17.02,1,19.67,132.22,17.07,15.41,134.95,709.25,545.31,359.21,48.47,51.37,22.17,124.97,5673.27,37.26,19617.874092265833,442.49763470978377,21769.96021942526,348.99523154391557,57760.95763713528,665.5518311894776,8,True,True,True,True
182,7414.76,2,62.9,3,30.76,2,10.1,95.97,26.99,24.48,114.4,606.22,586.42,506.97,49.36,67.12,4.56,88.78,2662.03,32.66,43433.05716211564,657.9768394334554,26372.97874863675,625.7877017822568,66069.95072064022,778.1024133142114,8,True,True,True,True
56,15732.97,6,110.69,1,57.65,1,8.95,100.44,24.55,9.48,197.56,672.9,524.52,340.96,24.53,57.13,15.62,52.22,6866.59,119.54,41726.549781634945,274.5887672721472,682786.5669113632,45717.754976580174,967201.1027459205,63527.711415605765,15,False,False,True,False
186,13076.73,2,100.43,6,57.43,1,24.04,56.33,20.82,22.48,275.3,296.51,155.2,226.01,49.84,43.13,22.81,124.5,5392.47,135.09,61454.63649107878,622.5074591761181,21802.197924303142,200.48613586114288,58532.60082584394,710.8317249893096,5,True,True,True,True
184,5214.06,5,101.16,5,57.22,1,8.98,73.33,13.37,18.89,204.84,125.9,242.25,598.58,44.65,16.65,14.01,43.07,1624.03,79.34,80276.7369537097,1477.9223183691258,20395.3233969833,428.6648642387878,60041.01754461285,667.4925132251047,8,True,True,True,True
189,12179.92,11,61.51,2,64.12,1,4.58,48.02,13.75,12.36,168.39,567.97,123.98,497.87,72.93,30.23,4.67,72.83,2325.17,27.61,38896.050690895994,266.23649557934294,22283.730793407332,291.7851174632195,61721.399063233825,567.8614835201445,5,True,True,True,True
185,8210.73,11,52.11,5,36.23,2,7.82,27.12,28.23,8.95,84.78,686.13,556.92,568.59,47.35,42.49,10.72,119.9,7366.46,131.11,81474.0328491057,1868.399538811464,34673.2588294679,1034.7292027038877,70362.71118660805,1230.9455808587613,12,True,True,True,True
188,6377.25,12,97.14,6,50.58,2,13.1,110.03,26.41,16.49,92.56,515.65,423.83,271.45,12.28,57.52,13.1,79.14,6824.16,143.49,129946.16710107776,1895.038962286422,34666.9275835573,193.90187097692922,70970.87478214079,826.5389895521021,5,True,True,True,True
191,19392.98,3,27.54,7,37.15,1,18.43,60.68,10.05,15.89,245.59,500.85,451.2,284.62,18.84,14.98,6.81,131.68,3860.1,131.42,23165.104933115916,182.52599486532043,19978.370032616378,320.70158948128574,57409.999348176556,590.4158021253501,6,True,True,True,True
2,8834.94,3,94.94,3,17.79,1,19.3,47.68,14.66,17.81,85.82,392.56,309.08,729.48,55.03,23.8,14.73,121.72,8427.08,111.41,43468.87469941028,218.25184794024247,300408.4289347673,33310.39287200025,426982.5270556344,46708.20768446703,15,False,False,True,False
194,17791.23,4,42.84,7,42.34,1,24.08,62.16,35.7,12.78,75.74,325.13,244.0,458.79,70.73,51.06,4.94,125.34,5582.28,47.91,35153.61376815434,456.5557842796484,21857.18886060188,462.5918971863191,57983.42702224174,1050.8375983984022,7,True,True,True,True
192,14736.8,2,18.87,5,17.97,2,17.65,57.67,9.99,9.86,105.51,470.79,271.32,547.92,46.6,73.81,12.44,93.74,8850.98,47.2,30424.423712150387,407.20729981657973,26502.152132413124,537.5791822586126,60905.189349707856,675.2936240208264,7,True,True,True,True
196,18048.32,5,86.72,4,70.36,2,4.27,33.8,9.09,24.25,257.12,500.93,498.72,136.99,57.32,53.71,11.28,66.08,1501.48,128.06,21444.955857797075,494.4561793996997,18212.866693316086,530.110520030914,57190.994802849695,1071.7635125190027,11,True,True,True,True
197,18828.31,11,93.56,7,47.99,2,22.59,147.83,6.25,6.68,68.72,142.82,484.25,621.26,20.29,46.07,23.52,123.79,3541.84,133.0,27723.918825218512,510.40307185211753,20310.896264053074,426.0342407890312,57885.46869673291,693.8417757905015,8,True,True,True,True
198,16809.0,12,26.25,7,47.88,2,22.92,81.79,14.26,23.64,125.14,525.19,366.71,374.02,15.32,20.42,4.16,110.24,3044.06,62.22,23715.56579881749,375.78544346530555,19766.85381325684,285.8734639352247,58049.69413574802,399.64375067136115,6,True,True,True,True
199,14957.99,12,25.14,5,20.44,2,24.96,56.36,17.15,10.33,280.32,223.33,516.06,738.66,35.32,33.28,9.58,128.95,2929.62,142.84,15547.050112006758,167.9532063839859,20493.527989919123,297.3043447304682,58766.84907974886,695.1090027545872,5,True,True,True,True
193,12464.25,11,84.51,3,20.26,1,15.48,84.92,24.51,20.29,237.02,210.94,289.39,691.03,13.24,25.36,16.29,74.35,4494.02,68.14,29836.90389825518,411.6998877895646,26196.813048190703,810.9259194234993,63922.510683310444,1242.7116694520535,13,True,True,True,True
200,14555.49,4,20.83,6,23.2,2,15.57,90.39,7.92,11.77,108.87,147.83,361.47,208.98,40.15,61.48,9.71,139.88,3458.79,28.34,19413.20958273587,214.67249072699198,20199.09502690554,215.6995860266624,57957.13474620489,619.1892594952088,5,True,True,True,True
201,19662.4,3,64.15,5,49.29,2,14.91,43.07,34.0,24.11,188.85,217.55,490.82,176.85,25.37,38.98,5.16,87.84,5764.86,121.7,36028.549981212345,610.0435693920962,21793.23936399628,531.3026770338321,57894.39761279701,1096.4199943131894,9,True,True,True,True
203,16547.0,12,26.26,3,26.55,2,22.1,101.9,28.51,22.57,78.22,584.63,199.27,427.37,13.66,55.19,8.04,117.85,4523.73,147.79,23213.445742271157,342.8695046770971,22391.198471532396,488.65019942330554,60421.542550231046,757.9386515216936,8,True,True,True,True
202,10092.37,6,95.09,4,55.31,1,13.24,95.0,12.69,23.2,244.12,450.59,376.88,216.06,40.19,53.47,18.73,86.36,5630.65,92.38,81724.4461760392,1048.156495591113,26804.88446974929,336.0371839203773,64408.25781168959,744.3955230473478,5,True,True,True,True
204,12916.06,11,76.46,7,26.16,1,8.24,31.41,36.59,20.03,61.18,188.66,198.0,457.05,23.09,22.47,16.18,116.23,7704.09,109.7,40950.66352587358,503.2057636096397,24053.942146447676,245.56180281932347,58885.615788999676,572.7318789314311,5,True,True,True,True
206,17750.84,9,112.22,4,32.28,2,6.25,130.85,25.76,22.26,288.03,681.99,513.94,634.21,47.38,22.41,16.71,59.67,7019.95,79.73,40733.656444497996,734.7576188255182,24974.392017818172,425.9448490703541,60839.646715528266,839.0268900385528,6,True,True,True,True
205,18436.56,7,95.78,2,23.99,1,6.84,82.29,18.13,24.32,201.14,403.73,549.5,397.02,27.66,65.99,12.01,61.85,8972.42,143.11,30596.969538542115,528.3646426587885,50245.38471025264,2535.515344926031,84712.0871544061,2529.5856200240983,15,False,True,True,False
208,19120.2,11,37.62,6,46.51,2,20.59,130.97,14.55,7.12,277.51,150.0,571.61,617.39,25.28,51.04,23.89,144.63,7872.11,34.85,48147.78357327502,647.0456987949701,24309.768758648224,395.58044784737194,59095.386967475984,948.8950789221066,6,True,True,True,True
187,8724.96,8,65.72,3,31.14,1,16.12,110.13,21.58,4.94,171.59,708.97,184.04,442.32,53.5,60.52,9.59,116.05,6730.27,53.91,62661.60891013159,1101.339698842078,65225.53345672528,3884.8793783772635,102526.83691303727,4420.491539066748,15,False,False,True,False
210,15669.9,8,57.21,6,50.86,1,15.89,75.85,31.51,17.1,284.37,700.72,451.64,583.3,36.28,17.76,14.06,129.74,8104.0,144.04,64980.1817390306,763.4233221108005,24946.53759821023,500.8970703748783,59098.86386746838,754.6181065970791,7,True,True,True,True
207,9052.41,4,101.53,4,48.25,2,14.07,130.07,26.87,24.97,195.72,499.22,127.85,120.5,57.69,45.34,5.42,85.04,4973.91,41.8,69555.71067856438,978.5482967899692,25514.672775578136,862.7914904258009,63480.36425905031,1145.8856727397306,14,True,True,True,True
