scenario_id,arrival_rate_mean,res_Clerk_amount,res_Clerk_cost,res_Credit_Officer_amount,res_Credit_Officer_cost,res_System_amount,res_System_cost,el_sid-4B24111F-B305-4608-9E12-744B47C44D0D_duration,el_sid-D048D99D-F549-43B8-8ACB-5AE153B12B0F_duration,el_sid-3744BAA1-9382-4FAB-B7FE-B6A333F10D25_duration,el_sid-622A1118-4766-43B2-A004-7DADE521982D_duration,el_sid-02577CBF-ABA3-4EFD-9480-E1DFCF238B1C_duration,el_sid-503A048D-6344-446A-8D67-172B164CF8FA_duration,kpi_total_cost,kpi_cycle_time,kpi_waiting_time,n_reps_used,converged,converged_wait,converged_cost,converged_duration
5,2049.01,2,37.05,10,50.01,2,0.01,75.47,59.41,0.01,149.9,212.4,53.55,18282.876161981283,17866.40395072789,34557.730256177725,7,True,True,True,True
4,2297.5,11,61.25,7,28.49,1,0.01,125.04,91.98,0.01,92.54,275.36,84.12,20455.532266826045,17187.998050882372,33422.910020051626,7,True,True,True,True
1,1521.28,10,17.57,12,119.61,1,0.01,128.29,151.12,0.01,27.47,237.89,91.81,49194.29304264834,17274.92409301319,33523.32036655913,6,True,True,True,True
2,1070.9,3,52.75,5,29.65,1,0.01,47.68,61.9,0.01,106.84,189.69,42.91,24507.005840493723,17919.202428236815,34682.025724034465,5,True,True,True,True
6,1568.7,7,29.38,5,59.32,1,0.01,108.96,131.15,0.01,39.49,61.04,131.12,15201.79021779564,17275.32613286289,33784.17068225374,7,True,True,True,True
0,1746.53,7,12.15,4,21.74,1,0.01,100.44,231.83,0.01,141.82,253.6,24.35,12624.602919288609,17918.46016893957,34392.882174484424,9,True,True,True,True
7,1725.17,9,50.72,11,43.65,1,0.01,24.66,254.95,0.01,82.96,124.36,59.08,25272.241327467014,17129.439784143044,33307.68708145447,7,True,True,True,True
9,2166.45,12,41.67,5,101.64,2,0.01,132.41,279.4,0.01,79.09,170.21,32.21,36093.2119839421,17276.36673864605,33518.97820457919,10,True,True,True,True
10,2320.8,4,53.49,4,35.67,2,0.01,110.82,260.12,0.01,144.57,255.98,66.62,27946.313635110913,18366.370005371504,34948.10491615694,6,True,True,True,True
8,1188.55,4,26.73,12,102.8,2,0.01,79.17,141.93,0.01,84.35,108.82,56.4,34591.47574981671,18286.029157307104,35203.59506881646,5,True,True,True,True
12,1051.48,12,19.94,12,38.83,2,0.01,108.48,77.0,0.01,132.12,48.71,92.22,13689.572297069964,16937.61577297532,33329.381546513185,6,True,True,True,True
15,1846.94,9,28.08,10,24.71,1,0.01,114.57,135.03,0.01,146.97,244.93,130.32,16207.810368316155,17113.602714425306,33189.680194554436,6,True,True,True,True
11,831.43,10,41.58,7,23.01,1,0.01,32.87,80.7,0.01,102.36,140.99,88.44,21795.08700705351,17240.234055165292,33789.26164759402,5,True,True,True,True
13,2156.64,11,52.58,11,47.45,1,0.01,101.34,48.66,0.01,148.09,120.15,126.52,15053.39543425512,16955.164346501144,33213.92266550621,9,True,True,True,True
3,754.17,3,52.07,4,81.13,1,0.01,84.36,88.25,0.01,38.32,146.59,89.11,62232.91723143398,20040.392807060252,37646.76167793912,5,True,True,True,True
14,2095.77,9,46.89,5,110.31,1,0.01,120.05,228.51,0.01,96.13,236.07,32.01,46113.68613327289,17228.496299926897,33313.04706863829,9,True,True,True,True
17,2121.13,3,39.28,3,58.65,1,0.01,77.95,202.06,0.01,25.93,112.02,100.12,18228.59720092577,18126.712642706025,34795.62389648723,6,True,True,True,True
21,2006.01,6,47.26,8,29.36,1,0.01,77.35,76.33,0.01,109.17,97.69,108.68,11454.796148751324,16888.279054737755,33183.06853031419,6,True,True,True,True
16,1620.45,11,14.94,6,56.55,1,0.01,134.2,263.22,0.01,125.11,94.57,111.65,16872.888350994614,17483.722108267073,33869.6362767752,5,True,True,True,True
23,1849.08,6,16.75,9,31.94,1,0.01,49.42,102.94,0.01,83.31,152.64,67.99,9301.44597998077,17173.18847663696,33693.92753534306,5,True,True,True,True
19,1356.68,5,24.38,12,26.31,1,0.01,122.4,183.75,0.01,139.46,281.88,79.0,24901.716281011948,18304.724654947055,34829.23386396582,6,True,True,True,True
18,1318.75,4,24.74,9,28.69,2,0.01,105.18,193.37,0.01,39.42,127.03,116.76,18278.393734663518,18554.37605498789,35259.05413363786,6,True,True,True,True
27,1855.93,4,16.36,5,53.98,1,0.01,25.26,98.13,0.01,142.87,149.67,46.91,13930.878854059209,17334.053104769326,33976.95326276677,6,True,True,True,True
22,1259.42,9,14.65,4,88.59,1,0.01,131.3,258.91,0.01,93.97,201.08,30.32,43910.683819086364,18228.080795382954,34875.89993437508,5,True,True,True,True
24,1194.48,10,40.17,6,73.17,1,0.01,134.14,69.78,0.01,127.37,227.46,75.65,48411.48284009124,17837.660648020606,34581.566226521354,7,True,True,True,True
26,1484.88,8,13.55,4,94.85,2,0.01,103.92,90.64,0.01,46.15,175.66,67.09,29709.378142375917,17470.45948846915,34093.72874394692,7,True,True,True,True
28,2133.3,4,50.2,11,23.38,1,0.01,134.38,287.62,0.01,122.93,130.99,127.08,24791.37733672995,18716.543468173226,35553.169124693435,7,True,True,True,True
31,2225.71,7,45.32,2,69.62,1,0.01,30.45,92.49,0.01,62.07,196.75,147.96,19855.035105286308,18138.767823674876,35063.21690604401,9,True,True,True,True
20,1104.14,4,16.39,7,74.87,1,0.01,36.47,296.54,0.01,80.53,209.32,58.08,44098.2686264031,19944.321429353673,37181.22304082254,7,True,True,True,True
30,1024.44,10,14.84,6,82.22,1,0.01,65.13,75.61,0.01,98.54,111.04,105.16,27560.352483083872,17087.559512868487,33541.87619586031,5,True,True,True,True
33,1398.56,6,57.68,8,46.7,2,0.01,119.3,184.85,0.01,89.03,109.0,30.25,36089.54697190256,17884.243204803966,34589.889163251944,6,True,True,True,True
35,1208.31,11,59.09,7,119.42,1,0.01,81.11,276.9,0.01,137.95,252.86,44.51,98933.62875264844,17868.93923892813,34231.75296983853,5,True,True,True,True
37,1867.48,8,13.62,9,93.79,1,0.01,147.56,64.24,0.01,37.65,261.85,112.12,32853.01893252262,17092.847052099245,33181.103618910136,9,True,True,True,True
29,690.08,8,37.26,7,47.85,2,0.01,73.62,143.82,0.01,54.01,246.6,101.82,64141.41588865122,18512.703853524705,35316.92806932819,6,True,True,True,True
32,888.44,11,29.8,8,53.91,2,0.01,145.82,217.17,0.01,81.92,127.9,92.36,45610.42573702669,17931.758675426037,34506.34501046593,7,True,True,True,True
39,1503.08,4,17.13,7,52.17,2,0.01,43.04,105.75,0.01,107.94,240.69,107.07,23755.94248153864,17562.184170771703,33991.77127015282,6,True,True,True,True
38,1474.37,5,47.82,4,86.63,1,0.01,129.22,173.14,0.01,85.06,82.02,33.27,33461.448926583274,17996.78076849087,34799.09939539938,6,True,True,True,True
40,1913.82,2,59.45,9,26.26,1,0.01,83.94,133.27,0.01,116.06,76.29,37.69,17368.26419189667,18688.97054969731,35786.16898365048,5,True,True,True,True
36,925.14,6,56.93,6,62.36,2,0.01,91.46,268.59,0.01,41.91,130.81,75.47,67475.00867687151,19276.0161844303,36429.84591644136,5,True,True,True,True
41,2317.47,11,16.61,10,106.83,1,0.01,88.44,199.83,0.01,102.35,232.59,132.5,30689.411432291367,17178.924719849412,33261.98570132044,9,True,True,True,True
42,1993.12,9,55.08,6,93.22,1,0.01,119.9,246.09,0.01,80.75,141.44,140.77,37628.84680280766,17380.55423108342,33603.66306049412,7,True,True,True,True
25,889.3,11,21.37,2,58.64,1,0.01,148.85,246.31,0.01,52.45,241.24,139.52,56877.99042678991,30333.1731880588,48430.49203332991,8,True,True,True,True
45,1631.64,10,50.09,7,105.23,2,0.01,124.31,197.88,0.01,108.58,206.12,129.85,53217.560737716776,17407.67308365419,33671.11545917768,7,True,True,True,True
46,2230.09,4,24.31,2,85.29,1,0.01,103.28,243.44,0.01,118.31,269.88,86.89,32895.86468282479,19148.55619395459,35945.37000618063,9,True,True,True,True
47,1935.24,7,34.42,10,30.89,1,0.01,49.24,264.16,0.01,46.58,237.12,123.92,20462.417922760756,17684.133663058034,33978.34111628339,6,True,True,True,True
43,1774.14,6,11.05,2,108.12,1,0.01,118.73,114.45,0.01,80.83,288.74,136.38,44518.485039658524,20034.925896673234,37428.17776372069,9,True,True,True,True
50,2017.36,9,38.76,11,122.21,2,0.01,32.19,188.01,0.01,57.51,296.64,74.06,50953.56033139356,17277.614050521155,33435.87660246315,6,True,True,True,True
48,1297.86,7,36.97,8,92.92,2,0.01,98.32,181.05,0.01,50.53,74.48,34.77,29867.12314505004,17786.700053772227,34624.878088699246,5,True,True,True,True
51,2296.39,12,23.38,5,43.37,2,0.01,125.52,232.63,0.01,85.97,277.13,123.66,20335.373754058288,17537.625573897883,33758.45202167633,5,True,True,True,True
52,1708.37,4,37.28,8,20.67,1,0.01,74.16,51.99,0.01,143.25,273.79,83.7,13815.76948727112,17388.465281851244,33803.49892604278,6,True,True,True,True
49,1253.14,11,30.58,8,85.49,2,0.01,121.82,298.93,0.01,38.07,272.95,102.89,63755.35070299583,18072.1933089119,34519.19895344374,5,True,True,True,True
55,2098.05,10,21.46,11,44.16,2,0.01,112.73,286.67,0.01,85.88,133.27,99.84,15584.389254322208,17428.70052757732,33723.72786817496,5,True,True,True,True
56,1907.03,6,61.49,2,96.08,1,0.01,100.44,138.54,0.01,56.89,55.71,98.78,23758.77393196691,17337.441353936785,33928.52273701065,6,True,True,True,True
54,1000.41,5,14.18,7,80.63,2,0.01,108.13,80.4,0.01,141.38,167.59,113.68,40795.507329048836,17880.147266523527,34444.952638281946,5,True,True,True,True
57,1831.5,11,54.16,7,55.73,1,0.01,78.08,231.04,0.01,66.47,95.27,84.8,26836.703083680153,17136.089516108623,33419.57320678667,7,True,True,True,True
58,1156.22,8,22.76,11,41.88,2,0.01,62.47,82.9,0.01,140.55,182.64,58.03,22989.853246534152,17085.832486873383,33447.426196657085,6,True,True,True,True
44,820.62,11,31.3,4,121.76,2,0.01,44.54,133.17,0.01,101.68,288.64,75.84,116207.91602295532,20413.15795066719,38096.20259459432,7,True,True,True,True
59,1657.94,10,16.14,11,59.63,1,0.01,24.73,293.11,0.01,141.75,155.42,113.01,21304.432307295057,17395.839962435035,33576.20933001838,8,True,True,True,True
62,1696.78,8,50.99,10,50.22,1,0.01,88.72,268.24,0.01,53.7,256.41,26.67,40289.843539261026,17934.109922506883,34516.591468582264,5,True,True,True,True
64,2298.29,11,13.45,7,53.45,2,0.01,148.16,205.6,0.01,28.26,153.37,94.01,12834.675762267856,16999.849844960638,33130.85571773246,6,True,True,True,True
63,1608.14,12,20.33,12,73.06,1,0.01,70.32,120.53,0.01,148.68,172.66,85.48,25368.443193951483,17102.033270983935,33434.986358160495,10,True,True,True,True
61,1273.87,10,45.24,10,94.46,1,0.01,149.76,286.83,0.01,110.37,216.37,100.19,71792.30188070059,18242.34150570496,34855.94977469077,5,True,True,True,True
66,2262.72,4,13.83,9,85.55,2,0.01,36.96,158.26,0.01,138.51,247.53,90.75,25420.484424100247,17474.020997969554,33840.0045517957,6,True,True,True,True
67,1345.8,8,36.98,3,51.21,2,0.01,62.85,137.54,0.01,138.94,104.3,25.51,22836.782440707717,17414.728337413446,34053.5070638604,5,True,True,True,True
68,1471.86,7,45.36,11,85.76,2,0.01,40.41,180.56,0.01,46.39,89.25,118.38,26873.188832779968,17190.67155196587,33505.889624438416,6,True,True,True,True
60,1183.71,6,12.87,2,124.0,2,0.01,145.99,297.87,0.01,64.27,219.12,26.6,64591.88007596756,22373.10630942291,39997.90579340176,7,True,True,True,True
69,1644.67,9,55.41,7,97.15,2,0.01,92.62,158.23,0.01,109.49,246.15,112.95,52944.752968330045,17242.1522366098,33388.760563747885,7,True,True,True,True
70,1285.32,5,26.91,9,121.35,2,0.01,50.15,48.73,0.01,53.38,51.9,67.4,17388.93051120478,16731.08915239875,33080.12122009647,6,True,True,True,True
65,685.3,8,29.68,7,44.01,2,0.01,59.14,58.87,0.01,25.34,127.42,27.24,29620.28827584992,17263.123317791604,33901.51670403862,6,True,True,True,True
53,620.03,9,27.38,9,117.97,1,0.01,127.23,222.27,0.01,120.87,121.54,61.97,94540.76780631028,19014.140792124956,36010.86707060273,5,True,True,True,True
73,1486.75,10,24.1,5,123.44,2,0.01,131.69,91.05,0.01,115.13,67.96,37.06,24548.6883830891,17137.63572506117,33727.37553537443,6,True,True,True,True
72,2108.11,8,22.15,2,31.99,1,0.01,96.24,61.08,0.01,144.15,276.71,67.88,13560.419440617117,19219.3881456415,36520.36417083792,7,True,True,True,True
74,2209.88,6,45.51,7,90.27,1,0.01,24.5,236.59,0.01,122.04,177.65,145.21,29601.787616633206,17275.330734446474,33361.32099789446,11,True,True,True,True
71,1056.14,7,49.95,7,86.65,2,0.01,89.92,98.76,0.01,28.89,251.65,71.48,65457.9652673762,17498.296633838843,33876.462341995124,5,True,True,True,True
76,2051.4,7,45.83,12,95.69,2,0.01,94.78,291.62,0.01,68.07,95.71,31.15,29643.898849011293,17583.294981634368,34050.80480461662,5,True,True,True,True
77,2014.68,8,22.8,8,55.12,2,0.01,124.96,70.88,0.01,123.71,239.19,100.1,20941.772516274577,17216.37384396097,33472.50511681557,6,True,True,True,True
79,2255.28,11,58.46,2,23.75,2,0.01,84.19,142.5,0.01,102.29,176.96,101.97,17022.57357156652,18092.671379497282,34988.461362384216,5,True,True,True,True
78,1353.95,4,37.2,12,107.9,1,0.01,71.85,129.68,0.01,108.82,262.26,55.28,62102.42124775013,18008.593889901247,34619.76140646556,5,True,True,True,True
82,2395.75,9,21.43,11,122.92,2,0.01,52.22,124.95,0.01,42.25,178.57,69.3,24060.956287091514,17165.18719757345,33608.67939658649,8,True,True,True,True
81,1381.4,2,57.88,4,84.1,1,0.01,82.64,72.54,0.01,29.68,278.83,114.37,51776.645618987175,19122.371095417333,36160.24998648071,6,True,True,True,True
80,1925.68,2,11.92,2,82.44,1,0.01,104.4,243.43,0.01,43.49,260.43,62.06,30566.217388019144,21764.2238162525,39621.30209470646,6,True,True,True,True
84,1917.78,3,49.34,11,112.81,1,0.01,105.75,119.28,0.01,129.81,102.43,72.32,28860.7759166549,17905.583712926644,34611.13699448415,8,True,True,True,True
86,1707.83,4,42.32,3,59.12,1,0.01,144.89,81.17,0.01,67.12,84.99,58.57,19432.31235946649,17617.521697672673,34200.564706729805,7,True,True,True,True
83,1169.55,8,43.03,2,52.29,1,0.01,135.89,150.55,0.01,99.07,171.51,95.15,41222.04635108942,19676.83930209565,37045.29792189893,5,True,True,True,True
89,1636.4,4,48.38,10,22.06,2,0.01,122.06,214.59,0.01,46.34,172.69,143.32,26737.570233806495,18641.3477997219,35387.554095849875,5,True,True,True,True
87,1627.36,2,19.05,10,70.49,1,0.01,91.93,174.53,0.01,61.96,281.26,24.43,34225.12708242726,20559.86900558089,38248.1510475162,7,True,True,True,True
88,971.24,12,46.15,9,92.33,1,0.01,45.78,127.23,0.01,31.63,140.44,109.27,48188.82832052402,17033.354117216466,33332.92579173654,6,True,True,True,True
92,1681.56,12,28.39,2,55.03,2,0.01,28.41,48.69,0.01,29.32,86.25,49.33,9360.337302655089,17214.2748420703,33970.36888152836,6,True,True,True,True
85,679.78,12,34.3,7,70.2,1,0.01,53.14,215.24,0.01,90.2,83.95,88.84,52315.01533387116,17757.246601078037,34362.501469546274,5,True,True,True,True
93,2373.88,8,34.12,7,65.65,2,0.01,146.48,159.0,0.01,28.13,294.33,149.94,27526.024165289804,17236.518514826614,33265.18108201876,11,True,True,True,True
91,1109.55,5,53.01,12,50.72,2,0.01,59.81,273.05,0.01,96.3,96.26,129.36,45702.45428558966,19017.65834459845,35977.28244653155,5,True,True,True,True
90,1270.2,3,37.22,9,63.93,2,0.01,112.18,264.0,0.01,24.05,81.16,129.51,32849.48759034789,21512.229158975562,39589.27328003723,5,True,True,True,True
97,1813.69,3,37.27,6,122.74,2,0.01,28.2,60.33,0.01,110.57,285.57,45.3,50004.0915776951,17199.669299125,33516.12576398464,6,True,True,True,True
96,1912.5,10,38.79,10,71.43,2,0.01,35.68,290.24,0.01,53.3,253.36,47.28,35686.97221865924,17320.288932859854,33418.114370138836,8,True,True,True,True
94,1031.41,12,47.91,10,24.81,1,0.01,95.1,271.48,0.01,146.49,173.67,125.84,46909.522566000036,17721.301336540695,34016.55172801833,5,True,True,True,True
95,1574.62,2,21.87,12,59.97,1,0.01,44.38,244.12,0.01,76.52,112.77,87.0,19133.822492881263,21090.06528211407,39096.152833141714,5,True,True,True,True
98,2298.58,10,13.79,11,50.57,2,0.01,59.24,59.54,0.01,73.66,87.03,26.96,6457.904544674693,16705.998293123284,33015.202124160416,9,True,True,True,True
101,2298.36,9,51.2,5,82.08,2,0.01,133.54,139.76,0.01,52.29,250.98,109.79,33473.67143951433,17305.860609452488,33602.35219574234,9,True,True,True,True
100,2102.97,3,25.17,8,24.51,2,0.01,123.57,277.41,0.01,47.94,295.33,59.88,17920.489514786543,19306.42473947934,36178.46046676904,5,True,True,True,True
99,1510.86,10,36.88,8,122.08,2,0.01,60.14,187.74,0.01,100.87,282.47,54.98,67265.60929504911,17312.60367220063,33472.97812957044,7,True,True,True,True
104,2109.42,5,21.34,9,33.17,2,0.01,116.63,152.05,0.01,127.85,64.7,91.83,8940.394231481112,17577.32516885893,34247.552644030235,6,True,True,True,True
105,1748.75,12,15.08,12,73.2,1,0.01,135.3,184.2,0.01,59.96,188.13,116.44,24452.679908299197,17326.864716659256,33646.89658397975,6,True,True,True,True
106,2368.33,6,16.45,2,68.75,1,0.01,65.03,96.31,0.01,30.96,208.25,32.64,16142.373418994379,17872.249649054604,34721.412901481825,12,True,True,True,True
107,1767.36,12,36.39,7,97.15,2,0.01,76.37,297.37,0.01,126.89,105.8,51.84,32136.45511245367,17370.06500492103,33710.473389586245,8,True,True,True,True
108,2140.79,12,16.19,8,56.82,2,0.01,84.04,273.24,0.01,101.9,182.24,93.9,17682.529231825254,17360.531305324832,33573.63979700957,8,True,True,True,True
102,887.98,7,53.25,8,51.21,1,0.01,136.31,190.35,0.01,54.56,75.54,67.54,52477.41781442942,18469.083978958475,35375.9487185776,6,True,True,True,True
109,1578.74,5,49.38,11,54.82,1,0.01,43.08,174.98,0.01,149.93,295.93,89.57,39066.40669142638,17487.533643616687,33569.69792682015,6,True,True,True,True
110,2274.89,8,47.41,7,72.73,1,0.01,32.67,225.06,0.01,80.16,180.21,57.36,25334.308338078168,17012.57020662981,33091.94584299642,8,True,True,True,True
75,983.93,4,44.87,3,91.85,2,0.01,140.78,286.72,0.01,25.59,152.16,127.7,73792.97476058606,23402.32153684378,41850.3200473306,15,True,True,True,True
114,1910.2,11,32.75,3,93.93,2,0.01,78.8,177.38,0.01,37.77,88.34,25.27,19956.38971965022,17268.312311996455,33869.87244687312,5,True,True,True,True
115,1864.21,4,38.57,8,106.22,1,0.01,102.83,151.25,0.01,78.49,85.9,46.76,24009.77275976651,17873.960997402097,34685.56768748235,7,True,True,True,True
112,809.63,10,51.93,11,21.83,1,0.01,128.21,114.0,0.01,115.02,60.46,127.57,37436.652054405335,17469.071192515585,33969.92816717195,5,True,True,True,True
117,2175.02,4,41.71,3,57.85,2,0.01,111.93,146.68,0.01,94.25,265.2,63.72,27097.93159802942,17968.609798819652,34500.42607319427,7,True,True,True,True
111,876.59,9,36.56,3,89.1,2,0.01,124.5,292.12,0.01,48.89,133.25,114.14,68812.76737518099,18903.07833067389,35683.74123781139,5,True,True,True,True
113,727.04,10,17.6,3,84.1,2,0.01,86.59,90.96,0.01,113.37,171.04,101.36,58498.4366027669,19790.66841810184,37291.62629291772,5,True,True,True,True
118,2275.24,9,24.57,12,42.62,2,0.01,108.75,281.89,0.01,134.46,66.42,125.13,12838.454963233826,17397.484007911215,33717.306092740524,7,True,True,True,True
119,2321.23,8,53.0,10,35.07,1,0.01,94.99,52.2,0.01,147.14,82.07,135.0,10886.452973255402,17187.84013998581,33753.69800282203,6,True,True,True,True
116,910.27,7,60.25,11,119.84,1,0.01,61.82,185.86,0.01,87.23,127.87,46.46,76930.64451187194,18102.335240788456,34959.9914278988,5,True,True,True,True
120,2136.73,4,23.18,2,88.67,1,0.01,92.45,142.04,0.01,105.23,56.24,83.45,12297.605578011164,17592.6669131871,34319.513870281546,9,True,True,True,True
121,1739.07,6,53.27,5,80.98,1,0.01,80.01,145.48,0.01,27.78,244.37,108.66,39987.290232224055,17636.5571360884,34121.35975767672,7,True,True,True,True
122,2085.63,3,29.82,3,41.98,1,0.01,121.34,66.95,0.01,140.52,56.07,104.1,9429.434348673305,17603.66253418414,34296.396247452096,9,True,True,True,True
123,1828.23,8,21.57,2,39.36,1,0.01,140.34,117.7,0.01,136.13,177.27,54.87,16305.301804060244,18342.069273551206,35248.49030953135,5,True,True,True,True
124,2013.46,11,60.88,10,98.55,2,0.01,46.51,196.34,0.01,67.95,131.39,44.08,31114.945481699036,17065.751841800902,33352.36548373178,7,True,True,True,True
125,2133.15,3,30.48,7,38.86,2,0.01,123.08,267.52,0.01,38.97,201.82,116.44,20169.360989068224,19628.85509236599,36939.67095847615,5,True,True,True,True
103,1162.83,2,19.56,4,110.32,2,0.01,60.43,214.72,0.01,79.27,169.31,117.24,48337.15236498864,26167.09429663419,45125.86721184216,16,True,True,True,True
128,1786.52,10,32.76,7,62.41,1,0.01,139.99,260.4,0.01,76.01,267.2,67.63,37711.15464767033,17460.341859984568,33539.22626759439,7,True,True,True,True
129,1291.77,4,57.15,4,113.72,1,0.01,138.64,138.07,0.01,60.15,96.91,145.48,46964.81660181037,18759.198386349424,35827.91585442495,5,True,True,True,True
130,1415.9,6,26.06,2,62.74,2,0.01,25.19,175.7,0.01,24.06,152.88,119.82,23042.59654418193,18084.923978958148,34705.3960737401,7,True,True,True,True
131,1763.63,5,37.95,8,35.65,1,0.01,136.46,193.54,0.01,135.02,246.17,111.93,27057.400544778175,17870.92097049394,34147.69658285944,5,True,True,True,True
134,2343.25,6,38.57,7,101.91,2,0.01,118.6,214.2,0.01,67.37,199.91,68.96,32296.574270603774,17645.812028897704,34090.6629351158,6,True,True,True,True
133,2355.27,2,28.94,7,80.5,2,0.01,127.67,268.01,0.01,100.48,237.43,110.96,29648.53650981183,20674.20393802334,38121.16331100179,7,True,True,True,True
135,1586.82,11,57.29,5,123.65,1,0.01,138.51,174.84,0.01,98.15,188.12,44.71,59298.77931105116,17387.34269677232,33835.65490397982,5,True,True,True,True
137,2144.73,4,32.41,5,85.66,2,0.01,95.64,135.05,0.01,85.92,257.46,124.92,31609.253282246256,17871.0838483144,34388.03701110399,7,True,True,True,True
138,1631.62,9,39.43,10,118.53,2,0.01,105.86,90.57,0.01,106.62,138.38,57.26,35798.03003821636,16889.00591103831,33136.27062155907,6,True,True,True,True
139,1350.17,10,17.45,8,27.78,2,0.01,121.05,105.97,0.01,119.62,68.14,39.8,10459.487496687278,17046.871688715783,33541.74804134274,8,True,True,True,True
127,712.44,8,25.71,4,115.56,2,0.01,144.93,253.19,0.01,30.0,279.18,46.58,132024.4494798426,22443.3968224266,40074.92821192883,5,True,True,True,True
140,1801.72,9,47.12,8,43.43,1,0.01,83.06,103.22,0.01,147.47,73.38,113.39,15731.3963807627,16969.918069721585,33347.55029536397,5,True,True,True,True
141,1925.33,10,10.1,12,39.02,1,0.01,72.41,122.15,0.01,121.92,233.36,74.84,13785.551737651249,17051.50594493492,33238.07825867631,8,True,True,True,True
143,1343.98,9,36.55,12,88.7,2,0.01,72.74,77.33,0.01,39.81,136.15,123.03,29524.683874680195,17125.933609018542,33596.38605127734,5,True,True,True,True
136,829.4,8,16.12,2,59.03,1,0.01,143.15,101.9,0.01,125.97,179.47,43.35,42314.25265496572,25503.376860019725,43453.58778143053,8,True,True,True,True
144,2026.97,5,25.73,2,29.67,1,0.01,142.63,255.73,0.01,43.45,94.44,88.89,14102.175113872117,18002.082341685164,34565.866684573026,9,True,True,True,True
146,2040.91,7,32.31,6,55.64,1,0.01,38.15,230.37,0.01,33.24,284.43,66.02,26554.077927263927,17631.17044305614,34002.961714752266,9,True,True,True,True
145,1681.14,2,55.69,4,41.99,2,0.01,58.21,242.2,0.01,138.73,118.96,77.6,28905.567607523502,20841.263538812454,38653.22644301983,5,True,True,True,True
147,2381.08,6,43.23,10,77.76,1,0.01,36.61,223.17,0.01,34.47,194.25,39.75,24634.82046242418,17268.57148117548,33555.04158943606,7,True,True,True,True
148,1747.41,6,48.78,8,90.4,2,0.01,132.35,103.32,0.01,105.23,201.97,149.91,38941.47074132128,17466.542321015375,33824.52492437134,7,True,True,True,True
142,640.12,7,44.01,3,120.87,1,0.01,52.72,111.96,0.01,81.57,187.5,125.76,108727.47321300881,21530.497754751814,39169.44755195175,8,True,True,True,True
151,1485.23,12,47.24,5,92.4,2,0.01,24.86,275.92,0.01,83.67,56.65,143.65,30320.186053213034,17322.435621346016,33669.0334021986,6,True,True,True,True
150,608.68,8,51.19,12,55.1,2,0.01,127.91,75.08,0.01,63.43,197.71,100.93,78030.84490939595,18000.539726575702,34581.624918847854,5,True,True,True,True
153,2283.32,8,15.83,7,109.94,2,0.01,72.58,194.45,0.01,25.03,293.11,53.42,34850.54960809582,17254.317342990897,33431.43834297195,7,True,True,True,True
149,747.65,11,21.63,4,97.54,2,0.01,85.71,298.14,0.01,81.86,262.77,41.87,103943.13460897576,20450.39307185008,37699.71962143625,5,True,True,True,True
154,1650.92,8,20.73,9,40.92,1,0.01,90.26,268.64,0.01,51.82,150.05,147.56,18365.946562872265,17691.740662726286,34054.82547211608,6,True,True,True,True
155,1160.66,12,29.0,11,87.57,2,0.01,50.59,266.04,0.01,64.82,150.96,121.97,44542.381369164,17568.418278066,33927.49060255349,5,True,True,True,True
152,993.36,5,12.6,4,76.55,2,0.01,138.95,141.81,0.01,106.61,274.04,106.11,57469.831613606875,19926.682190175914,37142.93928883941,5,True,True,True,True
158,2344.44,2,41.24,10,82.44,2,0.01,67.72,297.38,0.01,132.23,179.57,37.86,29432.276158733806,20600.856282449065,38426.47338100254,6,True,True,True,True
157,1073.57,11,30.68,11,40.55,1,0.01,27.66,229.18,0.01,107.36,100.1,32.32,25747.544570980197,17337.14335890225,33760.364829206184,5,True,True,True,True
159,2057.89,6,28.95,8,50.42,2,0.01,149.98,277.14,0.01,66.55,73.28,34.8,17217.01248103554,18093.177976800307,34968.36773965368,5,True,True,True,True
160,1598.28,6,28.7,8,87.49,1,0.01,68.44,50.37,0.01,82.24,155.47,44.0,25480.742091530217,16963.27718518201,33335.7556056551,5,True,True,True,True
132,856.68,3,49.12,10,112.65,1,0.01,91.81,285.03,0.01,60.65,296.67,145.87,135369.6722723266,36215.311347779556,57498.75427488762,14,True,True,True,True
161,1443.5,8,22.48,9,47.42,1,0.01,123.8,109.21,0.01,91.86,288.71,107.28,30031.203566575237,17493.581583580366,33835.91071986028,6,True,True,True,True
163,2051.95,2,39.82,2,103.82,1,0.01,70.47,68.93,0.01,135.82,221.41,139.17,33766.72943976367,18861.070678372318,35841.51469670703,9,True,True,True,True
126,611.12,3,13.47,12,122.8,1,0.01,126.95,284.96,0.01,39.8,244.49,36.92,131273.28698523634,85980.66633551524,122869.16359316472,5,True,True,True,True
162,729.09,11,43.85,4,105.43,2,0.01,54.43,101.54,0.01,98.29,100.17,124.33,58006.35187353259,17620.50888329297,34337.69780073067,5,True,True,True,True
165,1432.83,11,50.47,8,118.98,2,0.01,38.22,295.98,0.01,144.66,207.23,149.87,67588.89488714225,17662.083755459294,33922.4703646755,7,True,True,True,True
166,1889.23,2,47.03,3,44.28,1,0.01,78.81,85.56,0.01,142.06,133.01,145.13,17295.430139823675,18160.47529440778,34855.15918562118,6,True,True,True,True
164,731.47,3,29.24,5,36.91,2,0.01,91.34,55.99,0.01,32.83,86.5,132.92,23110.15409330133,19319.813013382045,36700.71129019545,6,True,True,True,True
169,1457.7,8,34.17,10,94.36,1,0.01,122.64,228.22,0.01,36.86,277.46,63.68,58213.70041322375,17899.78015493429,34347.51121028376,8,True,True,True,True
170,2017.35,8,55.11,12,121.28,1,0.01,27.54,61.93,0.01,108.94,265.14,136.64,43333.38362299345,17112.159822253452,33350.29421638191,8,True,True,True,True
168,1086.4,3,52.9,2,104.69,1,0.01,35.7,172.05,0.01,77.5,260.43,125.3,80512.1714768541,28151.561995080003,46048.91468182605,5,True,True,True,True
167,808.18,12,40.14,9,36.36,1,0.01,70.89,251.13,0.01,62.56,226.51,87.8,57786.40655502495,17996.42744374352,34454.29261785066,5,True,True,True,True
172,906.41,10,40.86,12,52.18,1,0.01,77.11,189.58,0.01,131.02,51.6,73.53,35132.65606489139,17405.694483519434,33848.141162777625,5,True,True,True,True
171,784.49,9,38.48,10,48.53,2,0.01,73.51,159.99,0.01,99.63,105.67,124.24,41266.7437641992,17629.316526689377,34109.50102891241,5,True,True,True,True
174,2257.35,2,58.44,11,63.26,2,0.01,146.1,273.75,0.01,110.15,51.4,140.08,27567.79427321893,21233.929102474165,39140.54999037178,9,True,True,True,True
176,2235.83,8,58.91,3,111.25,1,0.01,127.3,93.79,0.01,111.7,140.21,105.27,30146.747617560406,17498.34819015133,34189.24060298495,7,True,True,True,True
177,1474.8,6,41.12,5,76.58,2,0.01,123.37,276.65,0.01,104.46,53.15,79.66,32184.217422849026,18270.144561231773,35015.6498173063,5,True,True,True,True
178,1969.49,3,10.17,2,99.85,1,0.01,125.26,234.55,0.01,54.73,236.6,139.99,32062.57180021947,19859.920366951614,36938.4638096867,5,True,True,True,True
173,722.95,10,24.7,7,71.63,2,0.01,124.06,104.39,0.01,143.22,281.62,137.14,83703.99147257925,18789.344685248885,35722.00771221429,5,True,True,True,True
175,1613.9,2,13.91,7,24.54,2,0.01,125.45,105.1,0.01,64.92,227.74,121.58,12375.49180998167,19860.519454146208,37242.7172330084,10,True,True,True,True
179,2252.53,3,60.46,12,33.47,2,0.01,64.41,269.33,0.01,144.24,157.2,24.66,25140.14688100929,18353.020279985172,34955.76605123513,5,True,True,True,True
181,2015.21,11,33.59,8,83.23,2,0.01,120.58,163.46,0.01,66.41,193.03,143.47,28866.50805458637,17221.409899145172,33481.25947103048,7,True,True,True,True
183,2312.6,11,46.16,11,28.37,1,0.01,132.22,139.34,0.01,92.43,280.06,67.47,19547.096693223684,17151.8401575036,33309.07536539536,7,True,True,True,True
180,1636.9,8,39.05,9,41.82,1,0.01,61.46,290.47,0.01,49.4,198.45,64.88,29671.586206243097,17769.60078062493,34202.38481816907,9,True,True,True,True
185,995.24,11,28.95,7,60.38,2,0.01,27.12,124.77,0.01,53.69,105.77,42.39,24775.726392057382,16960.58366991631,33345.07164655475,5,True,True,True,True
186,1585.06,2,55.8,8,95.72,1,0.01,56.33,176.27,0.01,134.9,266.57,137.65,56454.64671369999,19758.93457478241,36850.72457664188,7,True,True,True,True
187,1057.57,8,36.51,5,51.89,1,0.01,110.13,86.18,0.01,29.66,219.77,85.8,38900.64359980505,17892.908959940272,34661.110954965945,5,True,True,True,True
188,773.0,12,53.97,9,84.3,2,0.01,110.03,122.08,0.01,98.94,137.87,46.28,72701.12311451766,17415.63665553705,33952.37339453526,5,True,True,True,True
184,632.01,5,56.2,8,95.36,1,0.01,73.33,146.81,0.01,113.34,213.85,102.42,120398.97199272155,19565.026250229137,36748.85737261475,5,True,True,True,True
189,1476.35,11,34.17,3,106.86,1,0.01,48.02,62.3,0.01,74.17,278.79,84.19,52041.382402324554,18766.826397432196,35982.70646836677,9,True,True,True,True
190,1556.96,2,61.99,2,88.65,1,0.01,101.43,78.05,0.01,149.24,103.51,138.31,31798.61653428865,18948.955437517998,36008.17090168861,6,True,True,True,True
192,1786.28,2,10.49,8,29.95,2,0.01,57.67,208.69,0.01,59.15,240.21,52.75,12550.083886686412,19821.966428973272,37017.17826842751,6,True,True,True,True
191,2350.66,3,15.3,10,61.91,1,0.01,60.68,241.29,0.01,95.31,191.03,122.8,16548.425534216996,18420.130337440358,35110.7371022133,13,True,True,True,True
194,2156.51,4,23.8,11,70.56,1,0.01,62.16,125.21,0.01,76.68,293.57,37.87,26562.71631591517,17354.116482091144,33642.324161791956,7,True,True,True,True
193,1510.82,11,46.95,4,33.77,1,0.01,84.92,169.79,0.01,121.72,271.75,118.51,31234.057755178143,17970.367398065882,34497.76077151227,5,True,True,True,True
196,2187.68,5,48.18,6,117.26,2,0.01,33.8,140.77,0.01,145.49,282.42,128.56,45010.52443297329,17612.73818553128,34072.245654099854,7,True,True,True,True
197,2282.22,11,51.98,10,79.98,2,0.01,147.83,53.56,0.01,40.11,263.15,34.36,30705.427126417035,17074.61372746686,33272.06565296664,9,True,True,True,True
198,2037.45,12,14.59,11,79.79,2,0.01,81.79,93.45,0.01,141.82,208.2,62.57,22905.114363405537,17085.849967508304,33410.552676533065,10,True,True,True,True
199,1813.09,12,13.97,8,34.06,2,0.01,56.36,65.59,0.01,61.96,290.3,140.16,14615.615172926726,17302.458571127798,33645.07313550111,8,True,True,True,True
201,2383.32,3,35.64,7,82.16,2,0.01,43.07,184.78,0.01,144.66,175.59,94.42,22877.16246647983,17917.66828551859,34525.072102429636,8,True,True,True,True
200,1764.3,4,11.57,9,38.67,2,0.01,90.39,142.31,0.01,70.62,138.09,54.44,10600.934033674825,17697.370815613933,34280.555213328335,8,True,True,True,True
203,2005.7,12,14.59,5,44.25,2,0.01,101.9,158.72,0.01,135.41,95.24,39.11,9834.951149946037,16945.451225341265,33262.3517066874,7,True,True,True,True
182,898.76,2,34.94,5,51.27,2,0.01,95.97,111.31,0.01,146.86,68.59,57.2,29462.818255138358,25148.787764550176,44101.83412763117,15,True,True,True,True
205,2234.73,7,53.21,4,39.99,1,0.01,82.29,71.73,0.01,145.91,274.29,100.57,19542.21888766601,17366.064086899347,33678.42228417652,6,True,True,True,True
202,1223.32,6,52.83,6,92.19,1,0.01,95.0,258.86,0.01,139.23,127.48,122.06,58361.62026770861,18434.047210210516,35080.679623592965,5,True,True,True,True
204,1565.58,11,42.48,10,43.59,1,0.01,31.41,116.58,0.01,120.21,155.89,30.59,19427.09909325587,16963.064116209236,33263.72889666392,9,True,True,True,True
206,2151.62,9,62.35,6,53.79,2,0.01,130.85,264.84,0.01,133.55,246.78,144.01,39119.765318820646,17841.415491104417,34272.98163549895,8,True,True,True,True
208,2317.6,11,20.9,9,77.51,2,0.01,130.97,286.33,0.01,42.72,198.96,138.75,23318.171610610447,17265.893190301522,33260.449721870325,6,True,True,True,True
210,1899.38,8,31.79,9,84.76,1,0.01,75.85,164.26,0.01,102.62,124.49,142.18,22821.60504948687,16970.849944507125,33066.21014109563,6,True,True,True,True
207,1097.26,4,56.4,7,80.42,2,0.01,130.07,120.07,0.01,149.85,171.5,97.86,59913.50850077284,18936.460900171398,35999.9892291135,6,True,True,True,True
209,1113.08,8,46.04,8,21.14,2,0.01,119.6,226.91,0.01,67.6,260.79,142.95,41848.80283233249,18177.165041919594,34595.67933938434,6,True,True,True,True
212,1630.6,10,35.32,5,102.57,2,0.01,149.37,207.96,0.01,118.17,254.25,149.55,55174.501675282365,17873.061989169317,34285.55345316596,7,True,True,True,True
213,1771.55,6,31.24,9,61.63,2,0.01,130.64,69.66,0.01,30.27,295.48,125.08,30644.052330644114,17552.54400913567,33966.965735165235,7,True,True,True,True
211,1404.08,2,21.01,6,87.5,2,0.01,141.13,190.21,0.01,103.84,218.89,43.76,43511.108437264935,26350.9602565216,45264.96256721739,5,True,True,True,True
216,2255.53,4,28.45,10,82.56,1,0.01,93.24,165.08,0.01,36.82,137.17,79.8,18854.378936352856,17428.8468341431,33804.533640751586,8,True,True,True,True
215,2239.73,4,62.21,2,109.51,1,0.01,81.34,194.08,0.01,65.94,129.17,52.93,31317.68097001874,17824.84270601283,34466.22157223984,10,True,True,True,True
217,2145.44,12,48.38,9,88.93,1,0.01,108.86,228.39,0.01,24.44,287.55,113.81,42773.450911475826,17288.20772804773,33346.01756977032,7,True,True,True,True
218,2364.89,11,51.95,8,86.91,2,0.01,50.24,78.6,0.01,77.49,258.72,85.72,28544.79549827885,17032.274678246482,33241.191522363064,11,True,True,True,True
219,1838.57,9,52.65,5,123.68,2,0.01,29.15,91.23,0.01,56.31,170.66,27.03,34056.06265371107,17098.510542843338,33558.87923345199,7,True,True,True,True
195,661.83,3,51.14,2,51.59,2,0.01,44.93,211.5,0.01,104.59,141.19,24.34,69490.21043471259,34753.681749424395,54951.866454248906,7,True,True,True,True
220,2203.16,8,57.05,3,116.31,2,0.01,97.86,294.09,0.01,44.13,126.52,57.32,37041.72270386492,17625.375464518493,34089.42907143247,6,True,True,True,True
214,770.11,6,12.55,6,114.81,1,0.01,145.38,53.01,0.01,111.49,246.69,51.26,95015.67220339604,18696.13181787637,35603.71387497529,5,True,True,True,True
221,1418.89,7,57.38,4,90.42,1,0.01,61.75,98.44,0.01,105.79,123.45,139.71,33893.707855941095,17332.578906167666,33874.94176346883,7,True,True,True,True
223,2196.13,7,45.46,6,52.74,1,0.01,74.0,211.33,0.01,122.03,52.02,139.67,16604.5968767764,17306.832115194222,33739.434146846914,10,True,True,True,True
222,1278.98,5,47.92,9,110.98,1,0.01,93.98,182.08,0.01,84.32,146.22,34.91,53241.626469868424,18105.94325757405,34852.07247271709,5,True,True,True,True
224,1573.54,7,42.25,4,31.5,1,0.01,56.23,281.65,0.01,47.0,108.24,140.36,24419.974882421964,17861.843527056597,34382.61130734575,5,True,True,True,True
156,849.7,2,15.11,2,27.7,1,0.01,141.49,233.26,0.01,34.78,288.64,77.24,35300.15901248875,84925.74100672298,119941.05283325141,13,True,True,True,True
225,1684.55,8,62.42,6,44.15,2,0.01,74.3,232.01,0.01,140.52,189.38,31.24,36667.82008245604,17451.08284271819,33786.8575941794,5,True,True,True,True
226,1809.65,11,59.92,9,107.1,2,0.01,81.7,60.15,0.01,105.98,152.12,96.59,32632.546946061735,17005.658569409043,33376.04171073,6,True,True,True,True
229,2186.34,5,10.33,12,51.77,1,0.01,111.59,135.78,0.01,122.27,166.74,25.27,12340.586491389728,17319.335242066572,33770.758458267985,7,True,True,True,True
228,1790.54,8,36.29,6,49.7,2,0.01,74.41,290.56,0.01,147.51,193.41,73.93,29636.934468069267,17745.025029851666,34107.55270869765,8,True,True,True,True
232,1643.2,11,38.95,9,48.32,2,0.01,67.65,141.24,0.01,49.1,115.9,123.62,18785.45983786586,16827.339311039348,32921.111420483656,5,True,True,True,True
231,1585.98,3,18.11,11,62.9,1,0.01,103.47,82.19,0.01,47.72,152.94,131.46,18746.396227701913,17914.14800634276,34527.535458592734,6,True,True,True,True
227,1494.35,4,19.09,7,59.08,1,0.01,30.97,292.61,0.01,46.53,143.4,138.18,22039.042785442256,18983.973186104246,36002.61847621045,6,True,True,True,True
234,2040.76,5,24.8,6,51.36,2,0.01,131.82,92.19,0.01,105.99,299.38,133.57,23514.739940832784,17683.691925423223,34060.02004099276,7,True,True,True,True
236,2089.74,12,58.29,5,97.12,1,0.01,37.9,195.9,0.01,129.84,115.81,67.45,28404.59791829547,17107.04217413321,33407.14875565207,7,True,True,True,True
235,1498.06,12,13.48,2,30.51,1,0.01,129.42,138.39,0.01,121.21,224.32,93.26,16464.72897994371,19629.848401016185,37039.3637967486,5,True,True,True,True
238,1341.41,5,60.04,11,82.21,2,0.01,105.88,135.33,0.01,78.72,150.6,59.65,45389.84953445019,17687.105435957877,34190.16005086958,5,True,True,True,True
240,1786.41,6,22.57,2,63.91,1,0.01,54.17,229.18,0.01,70.73,280.79,60.73,30774.385073020705,19736.3022610136,36945.161186912745,6,True,True,True,True
233,770.13,2,15.84,8,66.32,1,0.01,25.67,142.75,0.01,86.16,269.72,127.4,61966.85302714947,22854.93291250719,41038.62983545717,5,True,True,True,True
241,996.98,3,48.76,5,64.69,2,0.01,33.09,167.35,0.01,40.32,111.7,101.41,38064.21919708116,19230.209053916788,36391.468846571595,5,True,True,True,True
237,1459.78,4,20.89,2,102.97,1,0.01,29.87,107.54,0.01,95.31,295.72,26.23,53082.8646149033,22351.778864698266,40162.903032618764,17,True,True,True,True
230,614.87,11,57.98,7,124.27,1,0.01,148.55,275.02,0.01,137.47,130.7,33.54,154339.0129093677,19060.095240348608,36061.5790563223,5,True,True,True,True
243,1446.87,9,53.31,11,117.06,2,0.01,74.91,239.88,0.01,113.8,58.68,141.24,38984.69759978815,17435.540086970203,33789.02581296167,7,True,True,True,True
245,1333.56,6,16.0,7,31.97,2,0.01,131.31,115.48,0.01,47.7,82.17,64.83,11089.99633281009,17608.74442675122,34271.70668245842,5,True,True,True,True
242,755.54,6,31.97,11,33.11,2,0.01,70.49,208.66,0.01,128.19,146.44,64.31,41558.89060248925,19051.294497846866,36154.27854711689,5,True,True,True,True
34,607.25,3,22.74,11,88.36,1,0.01,134.97,274.73,0.01,145.48,277.66,109.4,130570.72072068513,83328.55566996007,119293.15291942125,20,True,True,True,True
244,765.88,8,27.8,6,88.75,1,0.01,78.07,84.91,0.01,102.02,237.72,71.63,78947.74869237326,18439.525881604695,35404.836988862364,5,True,True,True,True
247,1965.5,4,41.45,10,80.42,1,0.01,88.62,238.66,0.01,72.04,152.48,85.2,29763.30058041996,18076.470730782992,34649.686368968105,6,True,True,True,True
249,2308.41,12,59.17,12,24.18,1,0.01,25.75,134.4,0.01,123.19,188.06,80.42,13656.743921486825,17105.838768539397,33418.59816222939,8,True,True,True,True
248,1776.71,12,12.34,10,100.69,2,0.01,132.45,194.11,0.01,68.25,107.7,89.62,20123.885391802574,17284.91754156314,33761.35438218374,8,True,True,True,True
252,1612.77,12,52.33,7,80.07,1,0.01,120.1,103.37,0.01,88.42,72.11,149.63,25208.608435603575,16840.92351740566,33010.76606207482,7,True,True,True,True
239,627.3,4,47.48,4,63.12,2,0.01,68.1,64.16,0.01,101.47,258.77,31.44,82916.21669051377,22949.88173628291,40653.5821922896,8,True,True,True,True
251,1591.86,12,21.5,11,59.07,1,0.01,48.38,84.08,0.01,72.79,235.59,139.22,24500.27050060857,17240.797840792264,33607.500678228906,9,True,True,True,True
246,1054.34,7,51.1,5,95.57,2,0.01,129.95,292.16,0.01,45.69,297.9,53.95,103933.68668283502,19459.92300821152,36410.53125579286,5,True,True,True,True
250,967.12,9,13.98,9,43.8,1,0.01,43.51,182.6,0.01,34.34,121.16,56.4,19591.039253081562,17459.996768855413,33993.12490728505,5,True,True,True,True
256,1888.77,9,62.22,12,68.91,1,0.01,51.96,289.41,0.01,137.0,191.88,119.46,41786.63147937889,17403.612260294736,33496.132632923414,5,True,True,True,True
255,2055.41,12,50.87,7,81.04,1,0.01,41.2,285.71,0.01,99.59,205.34,111.32,36740.03201674726,17297.064866649755,33414.12918185797,6,True,True,True,True
253,1059.14,6,14.34,8,93.75,1,0.01,106.88,126.44,0.01,112.82,260.69,59.58,62917.95893432423,17947.212784386906,34471.442958126354,5,True,True,True,True
254,1400.05,11,49.33,7,38.82,1,0.01,136.41,238.14,0.01,31.46,105.69,37.03,34644.651772299425,17473.43391628182,33976.675222729995,5,True,True,True,True
257,1944.39,6,38.93,11,118.57,1,0.01,149.11,209.48,0.01,29.87,151.71,79.73,36377.87014950351,17820.965762686843,34430.889461851024,8,True,True,True,True
260,2276.78,2,46.82,9,29.34,2,0.01,87.43,190.93,0.01,73.72,172.18,106.07,17503.673823747948,19199.563354144073,36255.448428827774,5,True,True,True,True
262,2113.0,8,56.6,8,103.54,2,0.01,66.2,197.93,0.01,30.22,180.42,125.14,35363.721595597206,17293.735445435206,33566.213241842794,5,True,True,True,True
258,1232.28,12,49.67,11,32.09,2,0.01,99.6,181.88,0.01,146.01,149.9,43.47,34424.95374167446,17314.076485265385,33735.71868155329,6,True,True,True,True
259,1679.51,3,43.54,7,89.57,2,0.01,38.72,214.82,0.01,28.02,191.34,103.46,37050.84693054137,18547.022402055314,35275.97291878405,6,True,True,True,True
261,1218.32,8,56.48,8,39.04,2,0.01,66.42,227.72,0.01,41.86,267.29,94.49,48509.233792777624,18083.343856140255,34700.6628282625,5,True,True,True,True
267,1640.68,12,53.05,6,22.4,1,0.01,93.21,282.27,0.01,43.42,73.53,35.62,28309.127689975983,17172.718415088693,33465.65081423125,5,True,True,True,True
263,1207.1,3,13.98,3,81.98,1,0.01,75.01,153.05,0.01,69.39,83.0,57.54,20103.02992804487,19188.957511263325,36541.98546859061,5,True,True,True,True
268,2332.85,2,57.94,7,81.98,2,0.01,94.17,91.42,0.01,69.14,178.03,105.17,24653.034450311356,18084.104858586194,34808.52009362445,8,True,True,True,True
264,1282.48,7,28.2,7,23.48,2,0.01,98.72,276.86,0.01,129.87,60.38,34.63,21058.23024312199,18154.108273545222,34923.62956353001,6,True,True,True,True
271,2007.56,9,41.64,11,46.18,2,0.01,63.31,118.17,0.01,88.34,217.02,85.68,19775.461721412146,16956.655272017662,33107.32782712251,7,True,True,True,True
270,1299.49,10,35.4,11,48.28,2,0.01,118.22,124.38,0.01,41.58,74.2,121.19,20577.15674993202,17060.219114345753,33430.47106340107,5,True,True,True,True
265,1168.0,9,52.4,2,96.83,1,0.01,29.04,159.14,0.01,49.7,244.87,71.9,64177.57406776023,21923.007566820463,39720.08942501224,6,True,True,True,True
269,1159.19,8,22.67,6,112.69,2,0.01,51.12,186.98,0.01,81.67,285.72,39.09,75258.49740630519,18307.321803416213,35213.669748189335,5,True,True,True,True
274,2356.98,3,34.27,4,110.63,2,0.01,30.08,227.84,0.01,133.37,189.22,38.37,29811.652770435314,17956.666633737696,34515.67392287117,5,True,True,True,True
275,2264.85,12,11.61,10,24.37,2,0.01,80.26,116.06,0.01,64.66,132.72,54.15,5594.104929824049,16922.35860982186,33220.16403671597,10,True,True,True,True
276,2079.74,6,25.94,2,109.72,1,0.01,80.07,288.29,0.01,136.94,148.44,117.45,30291.074862617093,18038.44371698225,34447.08726039115,6,True,True,True,True
277,1524.06,10,32.99,4,24.15,1,0.01,41.44,86.56,0.01,65.83,196.49,31.17,13022.633927887262,17223.178437839717,33631.57519551464,5,True,True,True,True
272,1381.45,3,44.31,5,92.51,2,0.01,68.24,296.04,0.01,108.47,184.0,86.17,55291.05178813564,20852.233416324605,38518.395319168114,5,True,True,True,True
280,2395.6,7,50.39,10,100.85,1,0.01,65.83,109.79,0.01,26.45,128.33,105.93,20315.69099536004,16939.545078958912,33192.09718971335,9,True,True,True,True
278,1858.44,6,24.73,3,81.9,2,0.01,117.36,288.64,0.01,125.52,118.31,113.59,25315.481302480417,18143.73250496784,34810.721365511396,5,True,True,True,True
281,1399.57,11,22.02,11,70.12,1,0.01,131.12,61.76,0.01,66.19,70.3,139.31,15843.14869155872,17145.34057958422,33630.23401229597,5,True,True,True,True
283,1942.16,10,33.99,5,20.09,2,0.01,136.98,141.39,0.01,87.8,238.07,101.33,15985.665539635174,17499.67115233763,33932.65654616684,5,True,True,True,True
282,1724.15,7,47.96,3,94.54,1,0.01,40.01,174.58,0.01,40.36,253.66,121.5,44716.09551531371,18583.090728788608,35602.59718665447,5,True,True,True,True
273,945.93,6,44.66,10,111.92,1,0.01,131.85,156.27,0.01,130.76,284.96,128.41,109790.03406047437,18687.072233077244,35381.93170427036,6,True,True,True,True
279,690.92,7,15.32,11,38.6,1,0.01,77.85,49.26,0.01,25.9,195.37,85.73,30814.82757807647,17592.331303784318,34236.44495146787,5,True,True,True,True
284,1734.27,6,41.73,2,117.05,2,0.01,106.82,184.56,0.01,63.27,252.77,102.02,54470.332256233014,19578.80212251336,36855.715028533705,5,True,True,True,True
287,2132.34,8,10.33,9,94.8,1,0.01,76.73,202.78,0.01,53.6,217.34,103.48,25313.638602473162,17309.487427914217,33577.69810793524,8,True,True,True,True
288,1920.12,6,58.15,6,111.99,2,0.01,71.74,120.31,0.01,33.51,188.43,28.63,36981.452974577296,17214.904317114804,33698.22894058752,6,True,True,True,True
289,2117.09,5,25.51,3,41.12,1,0.01,42.25,63.7,0.01,128.52,69.22,109.09,6776.554793917398,16880.068653471048,33248.5937049055,7,True,True,True,True
286,1369.43,4,14.24,10,50.67,2,0.01,73.0,113.23,0.01,41.9,201.05,119.83,21147.645987651485,17767.83582842241,34307.379210916806,9,True,True,True,True
293,1846.06,7,25.64,11,44.79,1,0.01,44.22,147.94,0.01,90.72,284.85,100.77,21719.597414627326,17136.32500370175,33221.885285153905,7,True,True,True,True
291,947.57,3,49.08,7,24.68,1,0.01,50.42,68.02,0.01,118.13,108.16,87.43,20629.896171874017,18004.121907318717,34885.60537757464,5,True,True,True,True
290,1306.97,7,28.06,4,33.62,2,0.01,39.94,95.22,0.01,104.33,271.8,146.1,22742.643549009055,18413.0840827029,35298.4483741782,7,True,True,True,True
292,1917.46,2,48.38,9,108.78,2,0.01,114.14,202.22,0.01,45.94,193.67,61.85,42207.53334636068,20392.260932576806,37925.866458916964,7,True,True,True,True
294,1764.13,2,43.55,7,54.17,2,0.01,120.07,132.27,0.01,43.09,297.67,116.83,33733.34679884234,19734.21992860276,36872.8454134519,6,True,True,True,True
296,1795.99,4,24.48,7,34.21,1,0.01,121.12,201.96,0.01,85.67,83.86,89.03,13491.94441420707,18376.285748178638,35309.82701293863,6,True,True,True,True
299,1881.58,3,11.47,6,95.57,2,0.01,31.53,92.48,0.01,25.47,292.19,33.5,34986.392760232746,17512.99964941652,34008.33266801087,7,True,True,True,True
298,1531.27,8,33.92,8,117.77,2,0.01,31.21,127.16,0.01,32.29,97.85,30.21,24790.40444975531,17053.069613571948,33602.8039158883,9,True,True,True,True
300,1806.67,10,29.94,8,46.44,2,0.01,84.2,223.15,0.01,94.07,123.48,81.57,18865.254822162733,17181.073665974407,33444.884841086634,5,True,True,True,True
302,1967.54,11,62.41,9,78.42,2,0.01,112.89,226.4,0.01,148.67,76.14,145.29,32086.065887106048,17373.052661104026,33768.1626399597,5,True,True,True,True
301,1321.33,3,28.25,4,117.32,2,0.01,36.41,58.41,0.01,97.34,122.99,91.23,32335.47962030768,17116.654338467604,33455.180544401555,8,True,True,True,True
285,675.2,6,60.48,4,24.75,2,0.01,55.24,246.62,0.01,115.9,186.71,99.3,74024.0413790507,20462.42259253223,37903.20869350396,5,True,True,True,True
295,854.31,6,60.48,2,114.97,2,0.01,78.61,246.1,0.01,98.68,49.5,130.68,69156.62961716807,19281.48233712733,36501.31377601814,5,True,True,True,True
305,1887.41,10,33.37,9,77.66,2,0.01,141.55,178.25,0.01,121.06,207.46,61.64,32905.97107664599,17242.069689114505,33509.032429184736,6,True,True,True,True
304,1611.58,11,30.12,11,85.78,1,0.01,43.71,49.68,0.01,28.62,115.36,24.83,18067.89823100782,16885.294026155643,33367.11357432425,7,True,True,True,True
297,734.19,9,25.76,5,51.95,1,0.01,136.92,174.6,0.01,126.4,104.02,38.29,43386.213614039545,18220.252348449845,34982.00351199439,5,True,True,True,True
308,1835.41,9,54.59,8,72.8,1,0.01,135.68,242.96,0.01,80.65,243.53,74.43,46936.29393162779,17636.344348824012,33938.9199089961,5,True,True,True,True
307,1739.26,6,44.5,9,114.83,1,0.01,98.05,258.63,0.01,26.68,197.61,138.26,48606.030012472365,18008.385607059423,34495.96731017283,6,True,True,True,True
303,985.98,11,52.4,6,48.76,2,0.01,78.99,259.39,0.01,62.13,134.47,50.7,54116.626164166744,17914.43145386234,34558.42122147902,6,True,True,True,True
312,1588.85,11,39.52,5,22.17,2,0.01,25.28,201.18,0.01,149.68,84.66,65.96,15433.683771488664,17166.428641442133,33595.46970933764,7,True,True,True,True
311,871.19,4,43.68,8,93.56,1,0.01,148.67,68.68,0.01,34.41,205.26,145.55,73302.28259105908,19126.434419322573,36155.07155465402,5,True,True,True,True
310,1533.47,2,45.25,12,91.76,1,0.01,79.43,220.57,0.01,26.02,114.17,85.81,34585.52300596176,21490.4770078845,39522.356149825995,9,True,True,True,True
313,1737.28,4,50.91,7,62.27,2,0.01,37.31,221.05,0.01,100.63,242.85,53.31,36755.89736551319,17907.216724853628,34299.06771029903,7,True,True,True,True
314,2260.58,9,49.48,9,79.86,2,0.01,56.49,120.8,0.01,90.43,137.26,111.13,20444.295740522593,17044.186593227936,33373.85469781935,7,True,True,True,True
309,1020.38,2,61.67,2,84.69,1,0.01,90.52,123.96,0.01,50.02,124.2,115.54,51571.15746996557,22630.384796925253,41077.04085619787,8,True,True,True,True
317,2281.72,11,61.68,4,104.93,2,0.01,37.63,124.97,0.01,119.3,193.75,33.2,31078.564866419787,17205.652429092977,33608.70359353582,5,True,True,True,True
315,2013.88,3,26.83,11,97.58,1,0.01,34.81,236.74,0.01,52.39,104.44,123.3,20150.865395907826,18496.057644810906,35408.99061514563,8,True,True,True,True
318,2326.03,11,59.96,10,30.87,2,0.01,145.93,171.57,0.01,109.71,188.09,110.86,23295.259365560167,17165.100785941137,33371.8637591343,5,True,True,True,True
316,2393.75,7,60.54,2,74.3,1,0.01,72.6,271.66,0.01,124.2,276.07,139.73,39003.676203815565,19199.743405249643,36228.77479098609,13,True,True,True,True
320,2064.99,4,20.62,9,87.39,1,0.01,100.03,252.39,0.01,121.48,145.45,142.6,23462.02089789997,18263.348600510726,34869.1620424364,7,True,True,True,True
306,704.56,2,17.81,5,110.26,1,0.01,147.58,52.92,0.01,95.48,105.41,143.03,54128.07382822799,35198.56223500994,56554.84468119333,5,True,True,True,True
321,1785.78,3,35.38,11,96.17,1,0.01,110.06,95.36,0.01,145.21,289.5,72.46,46948.41346491767,18248.79073343619,34968.483887577386,9,True,True,True,True
322,1155.59,5,24.47,7,47.36,2,0.01,51.54,170.68,0.01,123.39,215.03,145.48,31252.107675482926,18084.65461854343,34600.486994338484,5,True,True,True,True
319,981.17,10,25.25,11,49.6,2,0.01,108.06,220.93,0.01,64.63,231.79,138.75,45482.60778977991,17837.25758455997,34139.87916555555,5,True,True,True,True
325,1443.4,8,44.16,6,86.8,1,0.01,86.22,145.06,0.01,91.07,237.48,35.55,48212.12507948236,17595.43898802989,34157.34159284007,6,True,True,True,True
328,2269.94,7,50.42,6,90.24,2,0.01,81.97,276.62,0.01,85.58,138.17,54.28,30700.09144611982,17731.33687144667,34324.35211526284,5,True,True,True,True
327,1746.89,7,40.7,4,34.99,1,0.01,130.91,216.3,0.01,142.19,262.3,115.51,30083.15069951893,18110.97120579317,34617.33309934779,5,True,True,True,True
323,1101.86,9,61.13,11,98.01,1,0.01,100.4,288.59,0.01,79.96,116.47,35.74,72113.15651918986,18166.77283840024,34915.289354512766,5,True,True,True,True
330,2371.33,3,53.28,12,48.96,1,0.01,46.26,86.41,0.01,75.94,52.83,24.01,9503.380603833304,17028.847938983286,33583.78433029164,5,True,True,True,True
324,1039.35,5,39.36,8,52.71,1,0.01,28.21,249.36,0.01,147.69,240.47,63.98,52494.05547248609,18883.62271646773,35719.701099727914,6,True,True,True,True
333,2254.2,6,39.12,11,104.66,1,0.01,123.1,194.49,0.01,32.94,131.14,132.26,25724.51360593856,17568.218281574624,34085.96246101523,7,True,True,True,True
331,1211.98,10,23.28,5,52.37,1,0.01,124.92,230.43,0.01,86.75,164.83,43.14,31836.09695933393,17658.83039969578,34092.58148679312,6,True,True,True,True
326,685.84,12,55.68,7,117.62,1,0.01,81.37,190.69,0.01,62.04,201.4,63.22,127586.66473901113,18111.800264259313,34785.46282100449,5,True,True,True,True
332,834.18,6,25.47,10,89.08,2,0.01,149.81,98.97,0.01,117.73,250.69,40.66,80691.18918922186,18637.407467163423,35576.45950358032,5,True,True,True,True
266,969.74,2,57.92,7,47.59,2,0.01,65.93,259.26,0.01,79.79,182.63,34.26,62848.92723292343,44114.98262109061,68465.59265635787,19,True,True,True,True
329,1028.88,10,20.0,4,123.75,1,0.01,141.32,282.89,0.01,37.06,142.58,89.82,57610.8343570576,18453.030034810294,35237.28348209508,6,True,True,True,True
335,1189.79,3,22.54,7,59.58,2,0.01,64.79,153.16,0.01,69.15,180.06,79.69,29940.24713239611,18986.940910636367,36009.78392825901,5,True,True,True,True
336,2300.08,12,60.54,5,25.51,2,0.01,104.6,58.18,0.01,50.67,62.75,116.22,10907.271504509912,16643.311188668795,32742.954191571025,9,True,True,True,True
338,1953.27,8,35.27,12,83.57,1,0.01,132.63,64.29,0.01,108.56,147.73,142.32,23488.04292402475,16970.63456839168,33133.18939931892,8,True,True,True,True
340,2091.1,3,50.73,8,90.06,2,0.01,132.97,59.35,0.01,82.63,278.15,85.37,38419.925631217404,17686.30738503218,34039.39699921529,8,True,True,True,True
339,1126.61,8,58.66,11,109.94,2,0.01,54.74,185.43,0.01,59.76,148.36,64.89,61521.01293227488,17514.56550983979,33982.05898020523,5,True,True,True,True
343,2016.72,8,23.9,2,30.04,1,0.01,57.23,90.18,0.01,68.02,141.14,88.78,8825.741721722112,17733.476294866556,34591.51262328321,5,True,True,True,True
342,1678.43,10,17.22,7,32.25,1,0.01,103.97,54.12,0.01,125.11,195.21,135.96,12546.026198685355,17107.15120262766,33348.57613715909,8,True,True,True,True
341,1699.26,3,34.86,7,116.52,2,0.01,114.13,280.6,0.01,142.65,76.44,98.71,32998.17834209367,20455.798268896364,38237.85369809541,5,True,True,True,True
344,1857.88,4,61.17,6,58.18,2,0.01,78.47,101.0,0.01,140.19,133.71,88.52,23652.080988255908,17206.602996650818,33528.88689204081,10,True,True,True,True
345,1767.83,3,51.96,6,39.17,1,0.01,27.51,228.26,0.01,141.01,235.19,25.87,28857.768614159275,18514.616111208332,35247.83303866583,9,True,True,True,True
347,1104.86,5,48.82,8,39.85,1,0.01,68.59,83.91,0.01,148.45,275.11,76.55,38247.36579566438,17742.865711555838,34243.83926986705,5,True,True,True,True
350,2214.57,12,38.04,6,89.98,2,0.01,74.55,49.3,0.01,138.16,52.77,69.28,11676.71358810372,16904.840361991355,33386.68228776197,9,True,True,True,True
346,1027.34,9,14.15,8,32.12,1,0.01,104.45,284.91,0.01,84.39,177.47,76.49,24697.979235444287,18439.273263369683,35217.990872229806,6,True,True,True,True
348,981.98,7,31.04,8,86.49,2,0.01,101.39,259.57,0.01,142.27,88.76,52.81,47136.893719852174,18680.688399818686,35659.33725505225,5,True,True,True,True
351,1762.53,4,17.36,7,77.86,2,0.01,46.27,239.87,0.01,136.2,299.12,63.22,37698.47949908132,18466.67892624336,35105.95259580646,6,True,True,True,True
349,1245.03,4,51.99,8,45.6,2,0.01,144.63,268.47,0.01,88.75,298.15,130.37,62389.85145558347,20685.26941495107,38146.47948865374,5,True,True,True,True
353,2019.31,6,48.74,2,97.66,1,0.01,25.41,279.63,0.01,40.3,171.61,60.86,34835.12842845077,18301.731271150922,35098.34406211898,5,True,True,True,True
334,1401.48,2,12.78,6,53.31,1,0.01,97.33,298.77,0.01,136.49,208.04,105.08,27345.687209637777,34955.34395095661,55911.39056244462,13,True,True,True,True
355,977.49,3,48.22,9,66.75,2,0.01,45.48,63.81,0.01,119.82,120.69,111.34,33240.84310325892,17883.997561786713,34679.935550161674,6,True,True,True,True
357,1105.67,4,16.94,5,124.78,1,0.01,60.6,95.17,0.01,109.81,197.26,29.82,58612.68955153355,18100.051821534555,34990.299016950834,6,True,True,True,True
358,1692.72,9,32.16,7,89.59,2,0.01,44.39,189.78,0.01,39.78,278.95,78.12,42903.081141094925,17449.52896093931,33776.38399898911,5,True,True,True,True
356,1102.24,2,42.89,6,48.27,2,0.01,114.88,70.02,0.01,25.15,286.24,102.28,43592.519252087106,20603.73656494287,38180.06824009981,5,True,True,True,True
360,2266.41,11,57.04,11,86.29,2,0.01,72.93,146.78,0.01,135.13,70.15,67.04,19838.76791015705,17264.58301198074,33911.85369472607,6,True,True,True,True
354,1715.48,2,20.18,3,120.65,2,0.01,128.07,217.0,0.01,116.11,183.9,142.45,40912.13988709254,22014.53716148352,40065.63486982611,11,True,True,True,True
359,1400.92,3,31.97,8,120.35,2,0.01,57.52,154.78,0.01,134.72,275.02,57.96,68032.17480675402,18753.22748859887,35647.92878898857,5,True,True,True,True
361,1286.91,11,20.25,7,42.66,1,0.01,79.08,116.3,0.01,50.95,139.43,113.15,17635.63911337666,17002.710767753342,33266.49739884572,5,True,True,True,True
363,2311.0,4,37.05,11,34.61,2,0.01,139.12,290.08,0.01,79.17,230.28,94.49,22942.858495566907,18564.56758513437,35166.309744226535,6,True,True,True,True
365,1966.48,8,43.03,10,41.35,1,0.01,113.87,75.25,0.01,86.25,255.83,81.52,21528.454982589443,17072.471223517725,33266.612297633445,7,True,True,True,True
337,651.73,4,50.8,5,116.32,2,0.01,134.87,270.6,0.01,44.85,87.39,144.47,105279.85142351643,38829.72629684169,61387.630756727885,5,True,True,True,True
367,1272.93,4,49.06,12,77.89,1,0.01,131.62,298.32,0.01,87.35,186.35,148.4,62603.66168330804,20624.34671990203,38101.41094207678,5,True,True,True,True
369,2036.83,12,26.75,6,43.94,1,0.01,64.84,51.35,0.01,38.7,65.34,70.47,6701.4637504802495,16876.199594839905,33352.87974274605,5,True,True,True,True
364,698.36,3,10.47,9,38.8,2,0.01,77.89,104.45,0.01,106.69,48.82,145.19,14481.910880485044,20759.29862960583,38794.40510339956,5,True,True,True,True
370,2095.09,9,16.05,11,84.2,2,0.01,62.88,222.83,0.01,49.45,58.93,66.8,10832.755101827037,16977.22664943114,33205.68011701112,9,True,True,True,True
352,1103.71,2,50.87,8,89.01,1,0.01,133.85,212.06,0.01,47.18,218.68,63.31,74221.40631927658,39680.09125002459,62486.05183470447,10,True,True,True,True
368,1185.19,8,41.44,8,75.21,2,0.01,115.07,294.18,0.01,145.5,266.94,28.68,71242.16231615818,18337.632757722367,34820.60047667108,5,True,True,True,True
372,1861.34,8,20.12,9,25.14,1,0.01,72.76,70.61,0.01,28.7,262.96,72.41,11307.270497071955,17161.19998174388,33526.806765472335,6,True,True,True,True
373,2293.81,10,51.68,7,28.24,2,0.01,117.18,240.31,0.01,119.25,205.05,134.93,23300.734176472077,17460.896616459006,33718.63435210878,9,True,True,True,True
371,1187.98,6,32.19,11,29.61,1,0.01,73.09,282.54,0.01,61.39,225.0,147.31,33481.244247681934,18659.209892949777,35304.59611826344,5,True,True,True,True
375,2274.05,10,36.34,12,44.8,2,0.01,49.39,294.82,0.01,144.18,70.58,135.53,15886.109009696429,17142.825183116496,33271.175070447796,9,True,True,True,True
376,1452.6,11,15.04,9,31.17,1,0.01,48.93,71.27,0.01,28.05,194.16,55.81,12273.103361521558,17024.047849030536,33418.15698596974,9,True,True,True,True
378,1615.88,10,17.6,3,20.74,1,0.01,144.7,105.43,0.01,146.56,249.04,93.13,13640.995488620396,18438.406254232053,35314.37844058462,7,True,True,True,True
379,1712.59,7,16.52,8,61.16,1,0.01,27.77,216.83,0.01,124.99,289.29,26.61,29886.370906850818,17594.287235322994,33973.85791559665,6,True,True,True,True
377,1167.93,2,21.94,5,42.15,2,0.01,58.46,167.58,0.01,113.96,236.99,55.6,29338.645918622264,21410.544676348207,39508.64983170573,5,True,True,True,True
366,857.95,4,11.35,8,73.06,1,0.01,127.75,276.38,0.01,71.6,113.7,108.77,35412.48319486942,25511.90229678204,44325.889888769736,7,True,True,True,True
381,2053.71,9,56.74,12,82.58,2,0.01,79.19,294.33,0.01,108.53,131.96,86.08,35499.18369801794,17357.088641651386,33570.37855319337,10,True,True,True,True
382,1079.44,12,53.17,7,108.41,1,0.01,41.05,278.0,0.01,46.86,258.86,63.57,91776.83500141704,17787.639437804824,34121.16013836291,5,True,True,True,True
384,1409.58,4,43.55,12,108.16,1,0.01,26.58,167.34,0.01,123.31,279.16,55.18,64202.83643753377,17742.927343467472,34037.80789930571,5,True,True,True,True
380,991.52,10,44.83,2,117.84,1,0.01,90.01,65.23,0.01,58.36,181.85,133.72,65255.93510448269,20425.032902836672,38047.245031969,7,True,True,True,True
374,817.2,5,23.86,8,120.55,1,0.01,133.0,293.74,0.01,64.02,110.25,122.31,66450.40148570157,22070.331502243196,40262.38477641702,5,True,True,True,True
383,669.97,11,53.35,10,101.11,1,0.01,47.74,135.93,0.01,84.74,51.72,102.45,54254.03066794126,17251.168351503933,33713.92902913699,5,True,True,True,True
385,1181.77,10,19.06,8,110.76,2,0.01,135.13,209.92,0.01,38.17,261.37,112.01,66929.15008395551,17883.571385047497,34345.733999853466,5,True,True,True,True
387,1239.2,6,33.86,6,107.89,1,0.01,136.94,143.66,0.01,63.61,240.06,86.12,64342.58553112358,18121.643097446,34770.02221258451,5,True,True,True,True
386,1018.62,12,50.7,6,91.85,2,0.01,118.7,145.07,0.01,47.13,205.18,61.65,70760.89178772866,17514.486878033924,33979.67339816238,6,True,True,True,True
390,1742.02,2,48.55,12,72.45,2,0.01,142.06,128.58,0.01,61.49,95.81,59.29,25752.897457421663,20110.745406124257,37815.101437332705,5,True,True,True,True
388,946.18,4,51.6,11,41.56,1,0.01,115.41,61.42,0.01,102.99,87.85,62.07,30705.381664136832,17955.35225587463,34661.93389822447,6,True,True,True,True
394,2030.45,9,36.84,2,94.52,1,0.01,50.31,51.13,0.01,60.13,91.78,82.28,14402.428002013523,17302.66646373625,34056.012848700615,5,True,True,True,True
393,1284.76,5,52.61,5,32.64,1,0.01,98.66,116.06,0.01,125.89,276.78,31.73,35699.67446961721,18156.398522215906,34799.21317768782,5,True,True,True,True
392,1052.91,6,57.98,6,40.22,1,0.01,102.39,249.66,0.01,138.68,295.43,61.38,68405.7292069268,19187.052443331624,36055.14650616906,5,True,True,True,True
396,1288.19,6,51.75,4,33.95,2,0.01,55.57,138.61,0.01,95.0,189.73,54.72,28333.54558134407,17709.96888337785,34269.71600533779,5,True,True,True,True
398,2050.37,8,33.89,7,78.41,1,0.01,50.71,58.18,0.01,106.61,189.52,46.16,21491.494154023287,17090.95115990612,33545.948753741795,9,True,True,True,True
397,1371.87,12,37.98,10,51.82,1,0.01,60.89,279.52,0.01,30.13,63.95,138.26,25742.63100115494,17384.633652452514,33753.28041542193,6,True,True,True,True
362,853.62,3,21.09,8,29.24,2,0.01,132.27,277.78,0.01,63.22,117.14,81.35,31100.420384665173,40125.01503474408,63120.38514009018,11,True,True,True,True
395,730.58,10,56.76,9,69.29,2,0.01,147.09,98.13,0.01,102.61,251.12,53.93,96897.68001700267,18093.7021785186,34758.846149611025,5,True,True,True,True
389,617.45,9,32.08,7,89.4,2,0.01,25.58,243.01,0.01,124.8,288.55,38.49,129605.38055899902,19544.485184721147,36643.129623704976,5,True,True,True,True
399,1826.36,2,39.69,9,71.3,2,0.01,38.68,181.3,0.01,75.55,120.08,54.16,21666.465363441504,18979.579839429483,36080.766252586254,9,True,True,True,True
401,1848.09,4,13.06,6,109.72,2,0.01,128.71,258.56,0.01,55.57,261.64,139.0,41320.286622282525,18803.843495914443,35517.88566425163,8,True,True,True,True
404,1145.23,8,25.98,6,78.45,1,0.01,27.82,167.21,0.01,39.68,97.24,137.02,25299.33905929516,17168.375284977355,33450.55611816294,6,True,True,True,True
400,958.38,5,61.31,8,60.07,1,0.01,77.87,138.86,0.01,97.8,141.12,30.15,51631.9882035651,18142.479538958232,34943.9418055911,6,True,True,True,True
405,2197.76,4,46.6,4,112.5,2,0.01,46.92,187.18,0.01,25.65,192.38,135.45,32633.387857319347,17622.645218384918,33995.457218391064,8,True,True,True,True
402,1076.64,3,22.69,11,53.06,2,0.01,43.65,234.36,0.01,94.0,261.96,118.8,42729.539149555305,20819.359557632666,38455.89624704005,6,True,True,True,True
409,1158.45,8,10.55,5,111.53,2,0.01,66.39,296.82,0.01,144.7,225.35,83.29,60916.92198690302,18454.563937741663,35009.77586343945,5,True,True,True,True
408,1678.25,2,21.07,4,22.13,1,0.01,107.74,213.63,0.01,65.74,295.55,92.43,17582.447375988446,21626.100502584304,39456.07103384798,11,True,True,True,True
391,608.86,3,38.85,12,103.93,2,0.01,97.69,176.12,0.01,102.38,285.04,139.46,151246.35193952007,37404.869831557546,59283.04448912673,5,True,True,True,True
407,887.87,9,61.55,4,72.03,1,0.01,105.91,258.39,0.01,78.11,233.15,143.36,98708.15683384315,19307.792733471044,36178.19088975164,5,True,True,True,True
412,1862.81,7,18.51,7,31.24,2,0.01,103.69,55.49,0.01,57.03,236.63,109.19,12457.44599394078,17169.40873815487,33475.227154178836,10,True,True,True,True
410,1420.95,12,54.86,11,67.55,2,0.01,127.49,154.96,0.01,107.11,95.63,113.07,35257.94907686618,16964.05818688361,33153.983189435996,8,True,True,True,True
414,1400.7,6,38.91,8,73.26,1,0.01,131.54,195.34,0.01,62.7,76.71,28.6,29505.403609172798,17906.796553143853,34655.31648497035,5,True,True,True,True
415,1984.8,8,53.93,10,78.04,1,0.01,116.46,272.8,0.01,95.21,95.23,87.38,32328.14751743637,17419.98263323888,33706.401478876076,7,True,True,True,True
417,2315.06,3,52.52,6,61.56,1,0.01,147.77,247.88,0.01,78.86,153.82,111.38,29227.70773494899,19250.494850543593,36447.05578260976,7,True,True,True,True
413,683.2,7,11.69,7,28.24,2,0.01,41.76,99.76,0.01,41.75,298.88,110.01,32782.49640899258,18559.980939784284,35373.58682960433,5,True,True,True,True
419,2355.52,11,34.51,10,36.52,2,0.01,121.72,135.67,0.01,100.57,233.94,45.99,16855.303822236583,16982.156987643033,33103.93855978948,5,True,True,True,True
420,1999.37,3,61.94,12,63.14,1,0.01,26.42,173.4,0.01,35.47,137.47,137.15,23209.682448697746,17847.372290735213,34459.16154277661,5,True,True,True,True
418,1174.61,5,21.76,12,51.11,2,0.01,114.9,284.91,0.01,42.49,255.61,119.27,40981.11304885596,19718.94156817983,36841.71237488448,7,True,True,True,True
403,919.69,2,24.55,12,113.91,1,0.01,145.28,268.85,0.01,58.69,232.68,69.93,91010.85522131603,87388.48496200069,124612.45482168358,5,True,True,True,True
422,1713.96,3,31.83,9,45.49,1,0.01,36.84,243.26,0.01,140.07,249.71,146.51,27263.693785837095,18895.16229499964,35622.45693550111,6,True,True,True,True
423,1678.56,7,60.62,8,75.44,1,0.01,114.61,282.4,0.01,75.5,183.76,104.32,50183.63052287083,17965.812017484262,34406.307063801774,6,True,True,True,True
406,732.26,10,61.48,2,71.29,1,0.01,149.52,274.19,0.01,75.22,182.07,54.51,117909.18318251899,28844.302112396537,46907.20022045865,8,True,True,True,True
416,604.03,9,23.2,7,82.24,2,0.01,81.32,244.37,0.01,68.39,183.01,87.79,85546.8234788322,19069.47899366138,36013.49659059908,5,True,True,True,True
426,1573.61,11,15.47,3,57.52,1,0.01,95.41,247.32,0.01,64.0,90.63,119.31,15415.855039260598,17519.084311473653,34027.9529684545,5,True,True,True,True
424,1939.99,2,24.38,4,103.2,2,0.01,127.17,143.3,0.01,100.5,63.05,115.95,16861.498948356668,19514.669017349595,36903.22918119906,7,True,True,True,True
428,1748.83,4,42.48,8,53.11,2,0.01,135.62,74.78,0.01,133.84,78.86,40.8,17663.674810280496,17413.377617073693,33967.13691542612,7,True,True,True,True
427,1583.15,6,51.29,12,89.6,2,0.01,83.37,252.13,0.01,28.09,223.73,50.99,51457.457807664985,17986.46072309525,34502.481405806786,5,True,True,True,True
430,1946.64,4,61.24,9,102.96,2,0.01,42.02,253.56,0.01,145.68,239.15,97.55,51232.024753287056,18128.816111183725,34575.099759027435,8,True,True,True,True
429,1593.68,11,46.3,2,113.56,2,0.01,143.46,49.75,0.01,94.99,257.89,34.67,55403.48804881253,19762.873827415293,37195.97928366172,7,True,True,True,True
421,928.07,5,24.19,4,107.94,1,0.01,135.83,278.17,0.01,103.26,278.99,66.56,99981.0075624975,22420.62659597015,40258.81133085745,8,True,True,True,True
433,1265.57,4,22.91,8,103.89,2,0.01,61.9,184.34,0.01,133.89,69.16,108.68,26755.168900600554,18163.301858787006,34836.447277532694,5,True,True,True,True
432,1784.96,2,15.91,8,99.06,2,0.01,48.54,222.65,0.01,52.41,285.69,55.14,41383.42780991451,20304.40023093968,37836.25852018709,7,True,True,True,True
431,704.13,9,39.22,11,78.92,1,0.01,76.37,94.82,0.01,136.95,250.97,46.31,88623.03933102386,17771.26227794129,34422.219229025315,5,True,True,True,True
411,810.79,3,62.37,11,98.87,1,0.01,122.2,299.29,0.01,67.95,187.11,104.37,122303.81382159026,46624.03438969224,71605.26112127409,7,True,True,True,True
435,1974.32,10,20.58,6,72.0,2,0.01,116.06,202.16,0.01,84.67,100.72,29.74,16540.69876495889,17420.263088386364,34098.09215515661,7,True,True,True,True
434,1018.58,8,15.5,9,70.86,1,0.01,52.59,155.28,0.01,50.75,64.07,126.39,18167.921727715595,17242.558741334942,33580.628426196614,5,True,True,True,True
439,2349.14,9,58.53,8,84.52,2,0.01,59.64,207.05,0.01,80.87,88.33,100.43,22253.864658366365,17086.27428218735,33391.27560795805,5,True,True,True,True
438,2146.31,8,48.72,9,109.26,2,0.01,91.0,234.68,0.01,66.09,123.42,64.33,31103.32801576518,17271.441760329773,33584.269391275455,6,True,True,True,True
436,1060.21,7,16.54,6,116.5,2,0.01,66.93,181.91,0.01,132.86,213.03,144.3,66313.35459297232,18178.928488181224,34831.97558566336,5,True,True,True,True
440,2357.06,12,29.57,2,105.65,2,0.01,49.46,243.23,0.01,64.4,237.97,25.04,32131.731380122157,18470.40833419447,35401.10337358448,9,True,True,True,True
437,1045.79,3,31.41,10,117.11,1,0.01,110.92,147.31,0.01,140.93,132.92,39.97,56848.946423065776,20277.44879053909,37901.11994910046,5,True,True,True,True
441,969.11,3,39.37,8,116.31,2,0.01,110.2,48.13,0.01,107.35,239.17,85.25,82588.97566033373,18855.34833351158,35875.36479219893,5,True,True,True,True
442,1372.22,8,15.18,10,50.19,2,0.01,134.33,297.02,0.01,44.36,73.28,145.56,16810.92988205141,17979.67002803435,34446.79268444182,6,True,True,True,True
444,2083.66,8,47.01,3,107.89,1,0.01,26.0,144.87,0.01,123.66,268.81,47.09,42386.33933112356,18012.27618047724,34701.462860037616,7,True,True,True,True
446,1913.77,2,29.66,10,28.91,1,0.01,84.84,70.29,0.01,105.6,260.67,119.58,14500.47832661813,17955.60890326243,34397.639570975676,5,True,True,True,True
449,2200.48,4,61.6,3,24.61,1,0.01,81.11,78.34,0.01,86.68,92.31,123.96,12204.458759844918,17102.628447674775,33521.8577596888,8,True,True,True,True
445,1545.7,8,47.86,2,70.0,2,0.01,143.92,256.11,0.01,41.78,271.84,129.19,54458.65065679556,20233.080460931425,37339.41939774823,5,True,True,True,True
447,1750.53,4,31.06,9,93.43,2,0.01,135.81,298.88,0.01,139.31,192.65,110.24,42362.93861480399,19430.936740057594,36486.84354029456,5,True,True,True,True
452,2327.32,5,51.53,2,77.39,1,0.01,53.26,131.86,0.01,80.01,74.19,36.8,15263.169599335492,17011.484876505263,33407.695970528745,8,True,True,True,True
450,1486.25,12,56.43,2,34.51,1,0.01,137.29,112.0,0.01,135.31,176.72,94.94,30413.26915815932,18912.45482545722,36118.452225187204,7,True,True,True,True
451,1322.94,5,57.95,4,100.8,2,0.01,46.3,76.09,0.01,88.42,228.72,54.31,52365.275997645665,17972.593515950364,34815.27080579899,7,True,True,True,True
443,717.6,12,46.03,6,105.48,2,0.01,80.42,250.81,0.01,31.5,61.78,80.43,67216.74978819556,17950.282459769944,34629.60181131829,5,True,True,True,True
455,1335.45,6,12.21,12,124.87,2,0.01,24.32,206.98,0.01,71.78,165.05,125.6,41806.672748527475,17515.84089752653,33798.16270054596,5,True,True,True,True
453,933.37,8,33.93,6,110.14,2,0.01,83.76,115.68,0.01,135.62,217.25,90.29,78673.33443907756,17841.481209884158,34430.77056534584,5,True,True,True,True
456,1445.41,7,16.51,6,99.26,2,0.01,62.34,248.61,0.01,147.81,107.65,94.23,28110.693663028866,17799.419146970835,34325.44589404729,5,True,True,True,True
454,803.22,12,24.53,7,35.09,1,0.01,113.19,97.95,0.01,59.47,79.22,44.22,22444.773573605376,17137.824049866485,33616.79596892037,5,True,True,True,True
459,2167.82,3,26.74,6,49.97,2,0.01,59.74,154.28,0.01,102.28,296.04,120.11,21519.505307252304,17867.45548325242,34228.739286622564,10,True,True,True,True
458,1708.77,9,14.73,5,29.65,2,0.01,143.53,162.37,0.01,124.81,219.24,48.44,14888.40979775127,17453.913650258157,33837.981903211556,6,True,True,True,True
457,1284.43,5,13.94,11,84.93,2,0.01,113.56,169.07,0.01,47.49,196.28,46.51,36942.48200026361,18231.371980898835,34939.920479664725,6,True,True,True,True
461,2125.13,9,10.29,7,68.52,2,0.01,132.51,258.65,0.01,95.52,287.32,43.87,25704.403742682876,17514.761675334386,33724.18201442814,6,True,True,True,True
462,2179.26,2,30.83,6,122.54,1,0.01,114.68,265.01,0.01,105.04,286.01,146.36,49515.440414390054,21018.679584531514,38494.89630643783,5,True,True,True,True
463,2239.34,5,24.37,5,120.22,1,0.01,32.82,272.59,0.01,89.81,196.69,134.79,32478.8816286206,17710.944186452893,33998.184282171336,8,True,True,True,True
425,759.83,2,15.17,3,96.47,2,0.01,115.48,221.66,0.01,116.97,106.46,65.78,50812.86973403457,83307.6038627231,119509.87530783794,5,True,True,True,True
465,2206.08,4,47.39,3,63.96,2,0.01,97.12,116.2,0.01,121.38,93.7,58.04,17349.46223324053,17371.72332571287,33965.15171805962,8,True,True,True,True
468,2030.15,6,31.05,11,26.65,1,0.01,25.77,291.27,0.01,82.16,90.48,88.84,13458.124332859608,17716.411163444478,34237.36859415522,5,True,True,True,True
464,1594.57,5,62.3,7,38.23,1,0.01,145.44,262.25,0.01,56.56,220.82,103.99,46403.79416134481,18797.516165117693,35618.64626088505,7,True,True,True,True
467,1552.95,11,52.45,8,62.32,2,0.01,120.38,158.49,0.01,34.66,295.46,55.42,46292.54787633508,17491.19567832205,33895.496193667794,7,True,True,True,True
460,632.59,10,44.75,11,73.4,1,0.01,40.0,95.66,0.01,129.4,219.63,112.57,82566.75525105711,17637.199395621323,34202.33547732634,5,True,True,True,True
469,1509.14,5,21.72,12,43.74,2,0.01,140.04,173.86,0.01,42.07,162.41,35.83,20623.426239508306,18173.67903495995,34967.207933027785,5,True,True,True,True
466,928.19,8,40.52,5,105.44,1,0.01,80.0,55.4,0.01,149.89,221.87,94.17,76016.06845978432,18277.156235720413,35257.25103970078,6,True,True,True,True
473,1987.43,6,29.61,6,47.61,2,0.01,41.22,95.9,0.01,42.17,133.96,103.29,11720.516902893329,16953.30548985439,33278.85754432473,7,True,True,True,True
474,2036.44,5,48.51,6,59.38,2,0.01,87.0,275.8,0.01,105.07,119.49,93.85,27411.82231227524,18021.134174076968,34571.844308728054,6,True,True,True,True
470,1430.29,7,19.63,3,50.3,1,0.01,61.23,202.38,0.01,135.87,240.24,58.91,28409.282379850876,18719.077532727242,35636.64999248451,8,True,True,True,True
472,1570.33,5,51.7,7,24.47,2,0.01,61.82,283.3,0.01,126.26,202.13,81.91,31866.27139995998,18219.02912467025,34669.28564548159,9,True,True,True,True
477,2111.51,3,39.63,9,79.31,1,0.01,50.21,88.81,0.01,66.7,50.0,50.62,10808.62508045766,17181.89194751631,33791.56367763519,7,True,True,True,True
478,1395.39,8,23.49,5,43.11,1,0.01,111.56,261.36,0.01,44.1,73.98,119.09,19012.35266766186,18046.419048580905,34802.72841645868,5,True,True,True,True
479,1064.56,11,24.62,8,121.11,1,0.01,41.45,143.37,0.01,147.52,60.17,148.83,31281.78437287476,17164.84267157442,33567.0525347288,8,True,True,True,True
471,1317.08,12,16.73,2,118.21,1,0.01,110.3,257.74,0.01,68.51,254.31,138.36,63619.64412947027,21555.31872421637,38963.86127225276,10,True,True,True,True
481,2159.79,6,24.53,9,105.95,1,0.01,53.48,180.37,0.01,35.95,83.73,72.77,15450.799863187223,17204.684646501886,33702.06677802817,6,True,True,True,True
480,1935.2,2,31.64,8,122.51,2,0.01,84.34,290.17,0.01,146.72,126.68,92.6,34618.25859564121,21592.977068910706,39636.249902210424,6,True,True,True,True
482,1907.59,2,50.28,4,109.7,2,0.01,54.42,175.43,0.01,69.15,237.49,55.88,45034.849519092466,19025.920756041614,35964.69732769075,7,True,True,True,True
475,705.3,5,15.28,9,116.76,2,0.01,71.2,190.38,0.01,145.68,238.81,59.65,109257.49764266692,19987.21345222502,37390.171892479026,5,True,True,True,True
476,670.09,6,61.85,6,37.79,1,0.01,129.96,90.71,0.01,79.88,163.31,89.97,65431.55420828393,18802.57135833925,35800.42053270041,5,True,True,True,True
485,1572.86,3,40.01,6,81.58,1,0.01,126.0,113.5,0.01,64.15,140.26,116.78,30279.047562473956,18761.416751080535,35882.2608482458,5,True,True,True,True
486,2040.95,5,11.06,12,100.38,1,0.01,138.79,148.65,0.01,41.5,106.36,47.7,15714.62025281828,17455.183332621855,33999.30457551715,8,True,True,True,True
487,1535.31,5,56.11,4,62.83,1,0.01,96.95,249.49,0.01,137.33,128.44,73.0,40532.34122941294,18360.169238940995,35123.43843902415,5,True,True,True,True
489,1737.27,8,44.2,11,58.99,2,0.01,81.23,64.04,0.01,51.11,235.44,79.63,26114.120645009254,16871.656257277078,32996.94437293926,6,True,True,True,True
483,796.93,4,34.43,5,70.94,1,0.01,138.51,55.16,0.01,103.64,107.17,38.55,42779.94162133936,18975.80126635725,36207.475496878804,5,True,True,True,True
484,701.27,10,55.94,12,43.87,2,0.01,141.55,61.67,0.01,26.11,237.88,110.98,67455.89888569608,17636.39173100258,34027.507476901184,5,True,True,True,True
491,1976.37,7,26.29,12,29.53,1,0.01,49.26,252.0,0.01,125.26,278.41,90.67,18442.399896259845,17888.24176928806,34382.440439226986,6,True,True,True,True
492,1659.78,11,39.36,10,61.7,1,0.01,117.11,242.2,0.01,125.14,223.01,138.41,38517.902553427346,17328.626576813105,33371.36572755231,6,True,True,True,True
493,2157.92,10,46.2,10,96.71,1,0.01,54.4,83.33,0.01,39.76,243.13,113.52,31252.69637931243,17183.780183172796,33545.90318202801,6,True,True,True,True
494,2212.21,8,50.63,10,80.59,1,0.01,136.67,171.18,0.01,75.88,137.15,88.72,27240.24674940607,17173.39262687452,33511.934728849374,6,True,True,True,True
496,2267.06,9,25.73,5,123.73,1,0.01,92.82,203.81,0.01,44.2,156.84,98.27,27071.435756982683,17330.560567405686,33728.38380648607,5,True,True,True,True
490,1132.99,6,52.19,5,40.11,2,0.01,88.05,236.89,0.01,133.1,192.1,131.14,48689.70432320262,18665.130773519348,35466.22217918965,5,True,True,True,True
495,1705.5,10,43.75,11,81.55,2,0.01,24.95,169.19,0.01,134.49,237.82,128.87,38159.55253736869,17246.96328714129,33456.634914792856,7,True,True,True,True
499,2295.27,4,20.74,7,29.8,1,0.01,116.31,191.07,0.01,79.81,182.57,29.98,11496.380318830732,17733.779033391864,34196.45759659259,5,True,True,True,True
498,1999.37,7,10.02,12,80.52,1,0.01,77.58,65.21,0.01,75.07,117.83,137.08,13272.393071068727,17033.662714700815,33432.38471537711,10,True,True,True,True
501,2393.57,6,31.99,9,78.73,2,0.01,33.23,256.88,0.01,115.42,163.84,131.04,22135.294823648,17436.147981682243,33667.91631993939,5,True,True,True,True
500,1620.14,6,43.88,11,63.17,1,0.01,63.38,246.13,0.01,55.2,159.42,137.02,32816.47402363313,17882.96929141331,34346.10652587887,5,True,True,True,True
503,1340.89,9,47.03,4,74.02,1,0.01,127.96,140.05,0.01,102.18,141.0,104.83,39556.99256667057,17664.775665444944,34298.1099969092,5,True,True,True,True
